seed,generation,feasible_count,front0_count,feasible_front0_count,min_avg_distance_km,max_coverage_80km_pct,min_p95_distance_km,min_budget_violation_brl
42,1,100,9,9,54.036826,82.253966,111.221861,0.0
42,2,100,13,13,47.569347,82.554073,111.221861,0.0
42,3,100,12,12,47.569347,84.618043,109.252178,0.0
42,4,100,10,10,47.569347,84.618043,109.252178,0.0
42,5,100,9,9,47.569347,84.618043,109.252178,0.0
42,6,100,15,15,47.569347,84.618043,109.252178,0.0
42,7,100,19,19,47.569347,86.48849,109.252178,0.0
42,8,100,23,23,47.569347,86.48849,107.420852,0.0
42,9,100,24,24,47.569347,86.48849,107.420852,0.0
42,10,100,14,14,47.569347,86.48849,107.420852,0.0
42,11,100,18,18,46.739395,86.920589,107.420852,0.0
42,12,100,15,15,45.161448,86.920589,107.420852,0.0
42,13,100,16,16,45.161448,86.920589,107.420852,0.0
42,14,100,16,16,45.161448,86.920589,107.420852,0.0
42,15,100,16,16,45.161448,86.920589,107.420852,0.0
42,16,100,14,14,45.161448,86.920589,107.420852,0.0
42,17,100,12,12,45.161448,86.920589,107.420852,0.0
42,18,100,13,13,44.872598,86.920589,107.420852,0.0
42,19,100,14,14,44.872598,86.920589,107.420852,0.0
42,20,100,11,11,41.118353,86.920589,107.420852,0.0
42,21,100,10,10,41.118353,87.329985,101.655027,0.0
42,22,100,11,11,41.118353,87.998985,101.655027,0.0
42,23,100,9,9,41.118353,87.998985,101.655027,0.0
42,24,100,11,11,41.118353,87.998985,101.655027,0.0
42,25,100,12,12,41.118353,88.564634,101.655027,0.0
42,26,100,12,12,41.118353,88.564634,101.655027,0.0
42,27,100,15,15,41.118353,88.564634,101.655027,0.0
42,28,100,16,16,41.118353,88.564634,101.655027,0.0
42,29,100,19,19,41.118353,88.564634,101.655027,0.0
42,30,100,13,13,41.118353,88.564634,101.655027,0.0
42,31,100,8,8,41.118353,89.880018,99.765296,0.0
42,32,100,8,8,41.118353,89.880018,99.765296,0.0
42,33,100,8,8,41.118353,89.880018,99.765296,0.0
42,34,100,8,8,41.118353,89.880018,99.765296,0.0
42,35,100,9,9,41.118353,89.880018,99.765296,0.0
42,36,100,10,10,41.118353,89.880018,99.765296,0.0
42,37,100,11,11,41.118353,90.084695,99.765296,0.0
42,38,100,11,11,41.118353,90.084695,99.765296,0.0
42,39,100,11,11,41.118353,90.084695,99.765296,0.0
42,40,100,12,12,41.118353,90.084695,99.765296,0.0
42,41,100,10,10,41.118353,90.084695,99.765296,0.0
42,42,100,10,10,41.118353,90.084695,99.765296,0.0
42,43,100,10,10,41.118353,90.084695,99.765296,0.0
42,44,100,11,11,41.118353,90.084695,99.765296,0.0
42,45,100,12,12,41.118353,90.084695,99.765296,0.0
42,46,100,12,12,41.118353,90.084695,99.765296,0.0
42,47,100,12,12,41.118353,90.084695,99.765296,0.0
42,48,100,13,13,41.118353,90.084695,99.765296,0.0
42,49,100,15,15,41.118353,90.084695,99.765296,0.0
42,50,100,15,15,41.118353,90.084695,99.765296,0.0
42,51,100,16,16,41.118353,90.084695,99.765296,0.0
42,52,100,16,16,41.118353,90.084695,99.765296,0.0
42,53,100,15,15,41.118353,90.084695,99.765296,0.0
42,54,100,15,15,41.118353,90.084695,99.765296,0.0
42,55,100,15,15,41.118353,90.084695,99.765296,0.0
42,56,100,15,15,41.118353,90.084695,99.765296,0.0
42,57,100,15,15,41.118353,90.084695,99.765296,0.0
42,58,100,15,15,41.118353,90.084695,99.765296,0.0
42,59,100,13,13,40.632067,90.084695,99.765296,0.0
42,60,100,13,13,40.632067,90.084695,99.765296,0.0
42,61,100,13,13,40.632067,90.084695,99.765296,0.0
42,62,100,13,13,40.632067,90.084695,99.765296,0.0
42,63,100,14,14,40.632067,90.084695,99.765296,0.0
42,64,100,14,14,40.632067,90.084695,99.765296,0.0
42,65,100,14,14,40.632067,90.084695,99.765296,0.0
42,66,100,14,14,40.632067,90.084695,99.765296,0.0
42,67,100,14,14,40.632067,90.084695,99.765296,0.0
42,68,100,14,14,40.632067,90.084695,99.765296,0.0
42,69,100,14,14,40.632067,90.084695,99.765296,0.0
42,70,100,15,15,40.632067,90.084695,99.765296,0.0
42,71,100,16,16,40.632067,90.084695,99.163779,0.0
42,72,100,16,16,40.632067,90.084695,99.163779,0.0
42,73,100,16,16,40.632067,90.084695,99.163779,0.0
42,74,100,16,16,40.632067,90.084695,99.163779,0.0
42,75,100,16,16,40.632067,90.084695,99.163779,0.0
42,76,100,15,15,40.632067,90.084695,99.163779,0.0
42,77,100,15,15,40.632067,90.084695,99.163779,0.0
42,78,100,15,15,40.632067,90.084695,99.163779,0.0
42,79,100,15,15,40.632067,90.084695,99.163779,0.0
42,80,100,15,15,40.632067,90.084695,99.163779,0.0
42,81,100,15,15,40.632067,90.084695,99.163779,0.0
42,82,100,16,16,40.632067,90.084695,99.163779,0.0
42,83,100,17,17,40.632067,90.084695,98.309826,0.0
42,84,100,17,17,40.632067,90.084695,98.309826,0.0
42,85,100,17,17,40.632067,90.084695,98.309826,0.0
42,86,100,18,18,40.632067,90.084695,98.309826,0.0
42,87,100,14,14,40.632067,90.084695,98.309826,0.0
42,88,100,14,14,40.632067,90.084695,98.309826,0.0
42,89,100,14,14,40.632067,90.084695,98.309826,0.0
42,90,100,14,14,40.632067,90.084695,98.309826,0.0
42,91,100,14,14,40.632067,90.084695,98.309826,0.0
42,92,100,14,14,40.632067,90.084695,98.309826,0.0
42,93,100,14,14,40.632067,90.084695,98.309826,0.0
42,94,100,14,14,40.632067,90.084695,98.309826,0.0
42,95,100,14,14,40.632067,90.084695,98.309826,0.0
42,96,100,15,15,40.632067,90.084695,98.309826,0.0
42,97,100,15,15,40.632067,90.084695,98.309826,0.0
42,98,100,15,15,40.632067,90.084695,98.309826,0.0
42,99,100,15,15,40.632067,90.084695,98.309826,0.0
42,100,100,16,16,40.632067,90.084695,98.309826,0.0
42,101,100,16,16,40.632067,90.084695,98.309826,0.0
42,102,100,16,16,40.632067,90.084695,98.309826,0.0
42,103,100,16,16,40.632067,90.084695,98.309826,0.0
42,104,100,16,16,40.632067,90.084695,98.309826,0.0
42,105,100,17,17,40.632067,90.084695,98.309826,0.0
42,106,100,17,17,40.632067,90.084695,98.309826,0.0
42,107,100,17,17,40.632067,90.084695,98.309826,0.0
42,108,100,17,17,40.632067,90.084695,98.309826,0.0
42,109,100,19,19,40.079646,90.084695,98.309826,0.0
42,110,100,19,19,40.079646,90.084695,98.309826,0.0
42,111,100,19,19,40.079646,90.084695,98.309826,0.0
42,112,100,19,19,40.079646,90.084695,98.309826,0.0
42,113,100,19,19,40.079646,90.084695,98.309826,0.0
42,114,100,21,21,40.079646,90.084695,98.309826,0.0
42,115,100,21,21,40.079646,90.084695,98.309826,0.0
42,116,100,22,22,40.079646,90.084695,98.309826,0.0
42,117,100,23,23,40.079646,90.084695,98.309826,0.0
42,118,100,23,23,40.079646,90.084695,98.309826,0.0
42,119,100,23,23,40.079646,90.084695,98.309826,0.0
42,120,100,23,23,40.079646,90.084695,98.309826,0.0
42,121,100,23,23,40.079646,90.084695,98.309826,0.0
42,122,100,23,23,40.079646,90.084695,98.309826,0.0
42,123,100,24,24,40.079646,90.084695,98.309826,0.0
42,124,100,24,24,40.079646,90.084695,98.309826,0.0
42,125,100,23,23,40.079646,90.084695,98.309826,0.0
42,126,100,24,24,40.079646,90.084695,98.309826,0.0
42,127,100,24,24,40.079646,90.084695,98.309826,0.0
42,128,100,24,24,40.079646,90.084695,98.309826,0.0
42,129,100,25,25,40.079646,90.084695,98.309826,0.0
42,130,100,25,25,40.079646,90.084695,98.309826,0.0
42,131,100,26,26,40.079646,90.084695,98.309826,0.0
42,132,100,26,26,40.079646,90.084695,98.309826,0.0
42,133,100,27,27,40.079646,90.084695,98.309826,0.0
42,134,100,28,28,40.079646,90.084695,98.309826,0.0
42,135,100,26,26,40.079646,90.084695,98.309826,0.0
42,136,100,26,26,40.079646,90.084695,98.309826,0.0
42,137,100,26,26,40.079646,90.084695,98.309826,0.0
42,138,100,26,26,40.079646,90.084695,98.309826,0.0
42,139,100,26,26,40.079646,90.084695,98.309826,0.0
42,140,100,26,26,40.079646,90.084695,98.309826,0.0
42,141,100,27,27,40.079646,90.084695,98.309826,0.0
42,142,100,27,27,40.079646,90.084695,98.309826,0.0
42,143,100,27,27,40.079646,90.084695,98.309826,0.0
42,144,100,28,28,40.079646,90.084695,98.309826,0.0
42,145,100,15,15,40.079646,90.084695,98.309826,0.0
42,146,100,16,16,40.079646,90.084695,98.309826,0.0
42,147,100,17,17,40.079646,90.084695,98.309826,0.0
42,148,100,18,18,40.079646,90.084695,98.309826,0.0
42,149,100,18,18,40.079646,90.084695,98.309826,0.0
42,150,100,16,16,40.079646,90.084695,98.309826,0.0
42,151,100,16,16,40.079646,90.084695,98.309826,0.0
42,152,100,16,16,40.079646,90.084695,98.309826,0.0
42,153,100,16,16,40.079646,90.084695,98.309826,0.0
42,154,100,16,16,40.079646,90.084695,98.309826,0.0
42,155,100,16,16,40.079646,90.084695,98.309826,0.0
42,156,100,17,17,40.079646,90.548523,98.309826,0.0
42,157,100,18,18,40.079646,90.548523,98.309826,0.0
42,158,100,18,18,40.079646,90.548523,98.309826,0.0
42,159,100,19,19,40.079646,90.642082,98.309826,0.0
42,160,100,19,19,40.079646,90.642082,98.309826,0.0
42,161,100,19,19,40.079646,90.642082,98.309826,0.0
42,162,100,20,20,40.079646,90.642082,98.309826,0.0
42,163,100,18,18,40.079646,90.642082,98.309826,0.0
42,164,100,18,18,40.079646,90.642082,98.309826,0.0
42,165,100,18,18,40.079646,90.642082,98.309826,0.0
42,166,100,18,18,40.079646,90.642082,98.309826,0.0
42,167,100,19,19,40.079646,90.642082,98.309826,0.0
42,168,100,19,19,40.079646,90.642082,98.309826,0.0
42,169,100,19,19,40.079646,90.642082,98.309826,0.0
42,170,100,19,19,40.079646,90.642082,98.309826,0.0
42,171,100,19,19,40.079646,90.642082,98.309826,0.0
42,172,100,19,19,39.031475,90.642082,98.309826,0.0
42,173,100,19,19,39.031475,90.642082,98.309826,0.0
42,174,100,16,16,39.031475,90.642082,98.309826,0.0
42,175,100,16,16,39.031475,90.642082,98.309826,0.0
42,176,100,16,16,39.031475,90.642082,98.309826,0.0
42,177,100,16,16,39.031475,90.642082,98.309826,0.0
42,178,100,16,16,39.031475,90.642082,98.309826,0.0
42,179,100,16,16,39.031475,90.642082,98.309826,0.0
42,180,100,17,17,39.031475,90.642082,98.309826,0.0
42,181,100,18,18,39.031475,90.642082,98.309826,0.0
42,182,100,18,18,39.031475,90.642082,98.309826,0.0
42,183,100,17,17,39.031475,90.642082,98.309826,0.0
42,184,100,17,17,39.031475,90.642082,98.309826,0.0
42,185,100,18,18,39.031475,90.642082,98.309826,0.0
42,186,100,19,19,39.031475,90.642082,98.309826,0.0
42,187,100,19,19,39.031475,90.642082,98.309826,0.0
42,188,100,19,19,39.031475,90.642082,98.309826,0.0
42,189,100,11,11,39.031475,90.642082,98.309826,0.0
42,190,100,11,11,39.031475,90.642082,98.309826,0.0
42,191,100,11,11,39.031475,91.02485,98.309826,0.0
42,192,100,12,12,39.031475,91.02485,98.309826,0.0
42,193,100,12,12,39.031475,91.02485,98.309826,0.0
42,194,100,12,12,39.031475,91.02485,98.309826,0.0
42,195,100,12,12,39.031475,91.02485,98.309826,0.0
42,196,100,12,12,39.031475,91.02485,98.309826,0.0
42,197,100,12,12,39.031475,91.02485,98.309826,0.0
42,198,100,13,13,39.031475,91.02485,98.309826,0.0
42,199,100,13,13,39.031475,91.02485,98.309826,0.0
42,200,100,13,13,39.031475,91.02485,98.309826,0.0
42,201,100,13,13,39.031475,91.02485,98.309826,0.0
42,202,100,13,13,39.031475,91.02485,98.309826,0.0
42,203,100,13,13,39.031475,91.02485,98.309826,0.0
42,204,100,13,13,39.031475,91.02485,98.309826,0.0
42,205,100,13,13,39.031475,91.02485,98.309826,0.0
42,206,100,13,13,39.031475,91.02485,98.309826,0.0
42,207,100,14,14,39.031475,91.02485,98.309826,0.0
42,208,100,15,15,39.031475,91.02485,98.309826,0.0
42,209,100,16,16,39.031475,91.02485,98.309826,0.0
42,210,100,17,17,39.031475,91.02485,98.309826,0.0
42,211,100,17,17,39.031475,91.02485,98.309826,0.0
42,212,100,19,19,39.031475,91.02485,97.717156,0.0
42,213,100,19,19,39.031475,91.02485,97.717156,0.0
42,214,100,20,20,39.031475,91.02485,92.848076,0.0
42,215,100,20,20,39.031475,91.02485,92.848076,0.0
42,216,100,20,20,39.031475,91.02485,92.848076,0.0
42,217,100,20,20,39.031475,91.02485,92.848076,0.0
42,218,100,20,20,39.031475,91.02485,92.848076,0.0
42,219,100,20,20,39.031475,91.02485,92.848076,0.0
42,220,100,20,20,39.031475,91.02485,92.848076,0.0
42,221,100,20,20,39.031475,91.02485,92.848076,0.0
42,222,100,20,20,39.031475,91.02485,92.848076,0.0
42,223,100,20,20,39.031475,91.02485,92.848076,0.0
42,224,100,20,20,39.031475,91.02485,92.848076,0.0
42,225,100,20,20,39.031475,91.02485,92.848076,0.0
42,226,100,20,20,39.031475,91.02485,92.848076,0.0
42,227,100,20,20,39.031475,91.02485,92.848076,0.0
42,228,100,20,20,39.031475,91.02485,92.848076,0.0
42,229,100,20,20,39.031475,91.02485,92.848076,0.0
42,230,100,20,20,39.031475,91.02485,92.848076,0.0
42,231,100,20,20,39.031475,91.02485,92.848076,0.0
42,232,100,20,20,39.031475,91.02485,92.848076,0.0
42,233,100,20,20,39.031475,91.02485,92.848076,0.0
42,234,100,20,20,39.031475,91.02485,92.848076,0.0
42,235,100,20,20,39.031475,91.02485,92.848076,0.0
42,236,100,20,20,39.031475,91.02485,92.848076,0.0
42,237,100,20,20,39.031475,91.02485,92.848076,0.0
42,238,100,20,20,39.031475,91.02485,92.848076,0.0
42,239,100,21,21,39.031475,91.02485,92.848076,0.0
42,240,100,21,21,39.031475,91.02485,92.848076,0.0
42,241,100,22,22,39.031475,91.02485,92.848076,0.0
42,242,100,23,23,39.031475,91.02485,92.848076,0.0
42,243,100,19,19,39.031475,91.427954,92.848076,0.0
42,244,100,17,17,39.031475,91.427954,92.848076,0.0
42,245,100,17,17,39.031475,91.427954,92.848076,0.0
42,246,100,17,17,39.031475,91.427954,92.848076,0.0
42,247,100,18,18,39.031475,91.427954,92.848076,0.0
42,248,100,18,18,39.031475,91.427954,92.848076,0.0
42,249,100,18,18,39.031475,91.427954,92.848076,0.0
42,250,100,18,18,39.031475,91.427954,92.848076,0.0
42,251,100,19,19,39.031475,91.427954,92.848076,0.0
42,252,100,19,19,39.031475,91.427954,92.848076,0.0
42,253,100,19,19,39.031475,91.427954,92.848076,0.0
42,254,100,19,19,39.031475,91.427954,92.848076,0.0
42,255,100,19,19,39.031475,91.427954,92.848076,0.0
42,256,100,19,19,39.031475,91.427954,92.848076,0.0
42,257,100,19,19,39.031475,91.427954,92.848076,0.0
42,258,100,19,19,39.031475,91.427954,92.848076,0.0
42,259,100,20,20,39.031475,91.427954,92.848076,0.0
42,260,100,20,20,39.031475,91.427954,92.848076,0.0
42,261,100,20,20,39.031475,91.427954,92.848076,0.0
42,262,100,19,19,39.031475,91.427954,92.848076,0.0
42,263,100,20,20,39.031475,91.427954,92.848076,0.0
42,264,100,21,21,39.031475,91.427954,92.848076,0.0
42,265,100,21,21,39.031475,91.427954,92.848076,0.0
42,266,100,21,21,39.031475,91.427954,92.848076,0.0
42,267,100,22,22,39.031475,91.427954,92.848076,0.0
42,268,100,23,23,39.031475,91.427954,92.848076,0.0
42,269,100,23,23,39.031475,91.427954,92.848076,0.0
42,270,100,24,24,39.031475,91.427954,92.848076,0.0
42,271,100,24,24,39.031475,91.427954,92.848076,0.0
42,272,100,25,25,39.031475,91.427954,92.848076,0.0
42,273,100,26,26,39.031475,91.427954,92.848076,0.0
42,274,100,26,26,39.031475,91.427954,92.848076,0.0
42,275,100,26,26,39.031475,91.427954,92.848076,0.0
42,276,100,27,27,39.031475,91.427954,92.848076,0.0
42,277,100,27,27,39.031475,91.427954,92.848076,0.0
42,278,100,27,27,39.031475,91.427954,92.848076,0.0
42,279,100,29,29,39.031475,91.427954,92.848076,0.0
42,280,100,29,29,39.031475,91.427954,92.848076,0.0
42,281,100,29,29,39.031475,91.427954,92.848076,0.0
42,282,100,21,21,39.031475,91.427954,92.848076,0.0
42,283,100,21,21,39.031475,91.427954,92.848076,0.0
42,284,100,21,21,39.031475,91.427954,92.848076,0.0
42,285,100,22,22,39.031475,91.427954,92.848076,0.0
42,286,100,22,22,39.031475,91.427954,92.848076,0.0
42,287,100,23,23,39.031475,91.427954,92.848076,0.0
42,288,100,23,23,39.031475,91.427954,92.848076,0.0
42,289,100,23,23,39.031475,91.427954,92.848076,0.0
42,290,100,23,23,38.221776,91.427954,92.848076,0.0
42,291,100,23,23,38.221776,91.427954,92.848076,0.0
42,292,100,22,22,38.221776,91.427954,92.848076,0.0
42,293,100,22,22,38.221776,91.427954,92.848076,0.0
42,294,100,22,22,38.221776,91.427954,92.848076,0.0
42,295,100,22,22,38.221776,91.427954,92.848076,0.0
42,296,100,23,23,38.221776,91.427954,92.848076,0.0
42,297,100,23,23,38.221776,91.427954,92.848076,0.0
42,298,100,23,23,38.221776,91.427954,92.848076,0.0
42,299,100,23,23,38.221776,91.427954,92.848076,0.0
42,300,100,23,23,38.221776,91.427954,92.848076,0.0
123,1,100,6,6,49.76666,84.567012,112.672183,0.0
123,2,100,7,7,49.76666,84.567012,112.672183,0.0
123,3,100,9,9,49.76666,84.567012,112.672183,0.0
123,4,100,13,13,49.76666,85.55484,112.672183,0.0
123,5,100,17,17,48.551193,85.55484,112.672183,0.0
123,6,100,18,18,46.894796,85.55484,112.672183,0.0
123,7,100,14,14,46.894796,85.55484,109.512007,0.0
123,8,100,8,8,46.341805,85.55484,109.512007,0.0
123,9,100,9,9,46.341805,85.55484,109.512007,0.0
123,10,100,11,11,46.341805,85.835078,109.512007,0.0
123,11,100,12,12,46.341805,86.919002,109.512007,0.0
123,12,100,14,14,46.341805,86.919002,108.125943,0.0
123,13,100,15,15,46.341805,86.919002,108.125943,0.0
123,14,100,19,19,46.341805,86.919002,108.125943,0.0
123,15,100,21,21,46.341805,87.286875,108.125943,0.0
123,16,100,24,24,45.457759,87.286875,108.125943,0.0
123,17,100,28,28,45.457759,87.286875,106.645449,0.0
123,18,100,27,27,43.749515,87.286875,106.645449,0.0
123,19,100,31,31,43.749515,87.286875,106.645449,0.0
123,20,100,25,25,43.749515,87.286875,106.645449,0.0
123,21,100,26,26,43.749515,87.286875,106.645449,0.0
123,22,100,30,30,43.749515,87.286875,106.645449,0.0
123,23,100,30,30,43.749515,87.286875,106.645449,0.0
123,24,100,30,30,43.749515,87.286875,106.645449,0.0
123,25,100,27,27,43.749515,87.286875,105.518198,0.0
123,26,100,17,17,43.749515,87.286875,105.518198,0.0
123,27,100,19,19,43.749515,87.286875,105.518198,0.0
123,28,100,15,15,43.749515,87.286875,105.518198,0.0
123,29,100,16,16,43.749515,87.286875,105.518198,0.0
123,30,100,15,15,43.749515,87.286875,105.518198,0.0
123,31,100,15,15,43.749515,87.286875,105.518198,0.0
123,32,100,7,7,43.749515,88.42149,99.435692,0.0
123,33,100,8,8,43.749515,88.42149,99.435692,0.0
123,34,100,8,8,43.749515,88.42149,99.435692,0.0
123,35,100,8,8,43.749515,88.42149,99.435692,0.0
123,36,100,10,10,43.749515,88.42149,99.435692,0.0
123,37,100,11,11,43.749515,88.42149,99.435692,0.0
123,38,100,11,11,43.749515,88.42149,99.435692,0.0
123,39,100,11,11,43.749515,88.42149,99.435692,0.0
123,40,100,9,9,42.163865,88.42149,99.435692,0.0
123,41,100,9,9,42.163865,88.42149,99.435692,0.0
123,42,100,9,9,42.163865,88.42149,99.435692,0.0
123,43,100,9,9,42.163865,88.42149,99.435692,0.0
123,44,100,9,9,42.163865,88.42149,99.435692,0.0
123,45,100,9,9,42.163865,88.42149,99.435692,0.0
123,46,100,9,9,42.163865,88.42149,99.435692,0.0
123,47,100,11,11,42.163865,88.42149,99.435692,0.0
123,48,100,11,11,42.163865,88.42149,99.435692,0.0
123,49,100,11,11,42.163865,88.42149,99.435692,0.0
123,50,100,12,12,42.163865,88.42149,99.435692,0.0
123,51,100,12,12,42.163865,88.42149,99.435692,0.0
123,52,100,12,12,42.163865,88.42149,99.435692,0.0
123,53,100,12,12,42.163865,88.42149,99.435692,0.0
123,54,100,14,14,42.163865,88.42149,99.435692,0.0
123,55,100,15,15,42.163865,88.678388,99.435692,0.0
123,56,100,13,13,42.163865,88.678388,99.435692,0.0
123,57,100,13,13,42.163865,88.678388,99.435692,0.0
123,58,100,13,13,42.163865,88.678388,99.435692,0.0
123,59,100,13,13,42.163865,88.678388,99.435692,0.0
123,60,100,14,14,42.163865,88.678388,99.435692,0.0
123,61,100,14,14,42.163865,88.678388,99.435692,0.0
123,62,100,14,14,42.163865,88.678388,99.435692,0.0
123,63,100,17,17,41.245807,88.678388,99.435692,0.0
123,64,100,17,17,41.245807,88.678388,99.435692,0.0
123,65,100,17,17,41.245807,88.678388,99.435692,0.0
123,66,100,17,17,41.245807,88.678388,99.435692,0.0
123,67,100,17,17,41.245807,88.678388,99.435692,0.0
123,68,100,18,18,41.245807,88.678388,99.435692,0.0
123,69,100,14,14,41.245807,89.751924,99.435692,0.0
123,70,100,14,14,41.245807,89.751924,99.435692,0.0
123,71,100,13,13,41.245807,89.751924,99.435692,0.0
123,72,100,6,6,41.245807,89.751924,99.435692,0.0
123,73,100,6,6,41.245807,89.751924,99.435692,0.0
123,74,100,6,6,41.245807,89.751924,99.435692,0.0
123,75,100,6,6,41.245807,89.751924,99.435692,0.0
123,76,100,6,6,41.245807,89.751924,99.435692,0.0
123,77,100,6,6,41.245807,89.751924,99.435692,0.0
123,78,100,7,7,41.245807,89.751924,99.435692,0.0
123,79,100,7,7,41.245807,89.751924,99.435692,0.0
123,80,100,7,7,41.245807,89.751924,99.435692,0.0
123,81,100,7,7,41.245807,89.751924,99.435692,0.0
123,82,100,7,7,40.883227,89.751924,99.435692,0.0
123,83,100,7,7,40.883227,89.751924,99.435692,0.0
123,84,100,7,7,40.883227,89.751924,99.435692,0.0
123,85,100,7,7,40.883227,89.751924,99.435692,0.0
123,86,100,7,7,40.883227,89.751924,99.435692,0.0
123,87,100,7,7,40.883227,89.751924,99.435692,0.0
123,88,100,7,7,40.883227,89.751924,99.435692,0.0
123,89,100,7,7,40.883227,89.751924,99.435692,0.0
123,90,100,8,8,40.883227,89.751924,99.435692,0.0
123,91,100,8,8,40.883227,89.751924,99.435692,0.0
123,92,100,8,8,40.883227,89.751924,99.435692,0.0
123,93,100,8,8,40.883227,89.751924,99.435692,0.0
123,94,100,8,8,40.883227,89.751924,99.435692,0.0
123,95,100,11,11,40.883227,89.751924,99.435692,0.0
123,96,100,11,11,40.883227,89.751924,99.435692,0.0
123,97,100,11,11,40.883227,89.751924,99.435692,0.0
123,98,100,12,12,40.617051,89.751924,99.435692,0.0
123,99,100,12,12,40.617051,89.751924,99.435692,0.0
123,100,100,13,13,40.617051,89.751924,99.435692,0.0
123,101,100,16,16,40.617051,90.315702,99.435692,0.0
123,102,100,16,16,40.617051,90.315702,99.435692,0.0
123,103,100,18,18,40.617051,90.315702,99.435692,0.0
123,104,100,18,18,40.617051,90.315702,99.435692,0.0
123,105,100,17,17,40.617051,90.315702,99.435692,0.0
123,106,100,10,10,40.617051,90.315702,97.538056,0.0
123,107,100,12,12,40.617051,90.315702,97.538056,0.0
123,108,100,13,13,40.617051,90.315702,97.538056,0.0
123,109,100,14,14,40.617051,90.315702,97.538056,0.0
123,110,100,14,14,40.617051,90.315702,97.538056,0.0
123,111,100,14,14,40.617051,90.315702,97.538056,0.0
123,112,100,14,14,40.617051,90.315702,97.538056,0.0
123,113,100,14,14,40.617051,90.315702,97.538056,0.0
123,114,100,14,14,40.617051,90.315702,97.538056,0.0
123,115,100,14,14,40.617051,90.315702,97.538056,0.0
123,116,100,14,14,40.617051,90.315702,97.538056,0.0
123,117,100,14,14,40.617051,90.315702,97.538056,0.0
123,118,100,15,15,40.617051,90.315702,97.538056,0.0
123,119,100,16,16,40.617051,90.402558,97.538056,0.0
123,120,100,17,17,40.617051,90.402558,97.538056,0.0
123,121,100,13,13,40.243241,90.402558,97.538056,0.0
123,122,100,13,13,40.243241,90.402558,97.538056,0.0
123,123,100,13,13,40.243241,90.402558,97.538056,0.0
123,124,100,14,14,40.243241,90.402558,97.538056,0.0
123,125,100,15,15,40.243241,90.402558,97.538056,0.0
123,126,100,15,15,40.243241,90.402558,97.538056,0.0
123,127,100,15,15,40.243241,90.402558,97.538056,0.0
123,128,100,15,15,40.243241,90.402558,97.538056,0.0
123,129,100,15,15,40.243241,90.402558,97.538056,0.0
123,130,100,15,15,40.243241,90.402558,97.538056,0.0
123,131,100,15,15,40.243241,90.402558,97.538056,0.0
123,132,100,15,15,40.243241,90.402558,97.538056,0.0
123,133,100,15,15,40.243241,90.402558,97.538056,0.0
123,134,100,16,16,40.243241,90.402558,97.538056,0.0
123,135,100,16,16,40.243241,90.402558,97.538056,0.0
123,136,100,15,15,40.243241,90.402558,97.538056,0.0
123,137,100,15,15,40.243241,90.402558,97.538056,0.0
123,138,100,15,15,40.243241,90.402558,97.538056,0.0
123,139,100,15,15,40.243241,90.402558,97.538056,0.0
123,140,100,16,16,40.174998,90.402558,97.538056,0.0
123,141,100,16,16,40.174998,90.402558,97.538056,0.0
123,142,100,16,16,40.174998,90.402558,97.538056,0.0
123,143,100,16,16,40.174998,90.402558,97.538056,0.0
123,144,100,16,16,40.174998,90.402558,97.538056,0.0
123,145,100,15,15,40.174998,90.402558,97.538056,0.0
123,146,100,15,15,40.174998,90.402558,97.538056,0.0
123,147,100,15,15,40.174998,90.402558,97.538056,0.0
123,148,100,15,15,40.174998,90.402558,97.538056,0.0
123,149,100,16,16,40.174998,90.402558,97.538056,0.0
123,150,100,16,16,40.174998,90.402558,97.538056,0.0
123,151,100,17,17,40.174998,90.402558,97.538056,0.0
123,152,100,18,18,40.174998,90.402558,97.538056,0.0
123,153,100,18,18,40.174998,90.402558,97.538056,0.0
123,154,100,18,18,40.174998,90.402558,97.538056,0.0
123,155,100,18,18,40.174998,90.402558,97.538056,0.0
123,156,100,18,18,40.174998,90.402558,97.538056,0.0
123,157,100,18,18,40.174998,90.402558,97.538056,0.0
123,158,100,18,18,40.174998,90.402558,97.538056,0.0
123,159,100,20,20,40.174998,90.402558,97.538056,0.0
123,160,100,22,22,40.174998,90.402558,97.538056,0.0
123,161,100,19,19,40.174998,90.402558,97.538056,0.0
123,162,100,20,20,40.174998,90.402558,97.538056,0.0
123,163,100,20,20,40.174998,90.402558,97.538056,0.0
123,164,100,9,9,40.104734,90.402558,97.538056,0.0
123,165,100,9,9,40.104734,90.402558,97.538056,0.0
123,166,100,9,9,40.104734,90.402558,97.538056,0.0
123,167,100,9,9,40.104734,90.402558,97.538056,0.0
123,168,100,9,9,40.104734,90.402558,97.538056,0.0
123,169,100,9,9,40.104734,90.402558,97.538056,0.0
123,170,100,9,9,40.104734,90.402558,97.538056,0.0
123,171,100,9,9,40.104734,90.402558,97.538056,0.0
123,172,100,10,10,40.068234,90.402558,97.538056,0.0
123,173,100,11,11,40.068234,90.402558,97.538056,0.0
123,174,100,11,11,40.068234,90.402558,97.538056,0.0
123,175,100,11,11,40.068234,90.402558,97.538056,0.0
123,176,100,11,11,40.068234,90.402558,97.538056,0.0
123,177,100,11,11,40.068234,90.402558,97.538056,0.0
123,178,100,11,11,40.068234,90.402558,97.538056,0.0
123,179,100,11,11,40.068234,90.402558,97.538056,0.0
123,180,100,11,11,40.068234,90.402558,97.538056,0.0
123,181,100,11,11,40.068234,90.402558,97.538056,0.0
123,182,100,11,11,40.068234,90.402558,97.538056,0.0
123,183,100,11,11,40.068234,90.402558,97.538056,0.0
123,184,100,11,11,40.068234,90.402558,97.538056,0.0
123,185,100,11,11,40.068234,90.402558,97.538056,0.0
123,186,100,11,11,40.068234,90.402558,97.538056,0.0
123,187,100,11,11,40.068234,90.402558,97.538056,0.0
123,188,100,11,11,40.068234,90.402558,97.538056,0.0
123,189,100,11,11,40.068234,90.495621,97.538056,0.0
123,190,100,12,12,40.068234,90.495621,95.096427,0.0
123,191,100,12,12,40.068234,90.495621,95.096427,0.0
123,192,100,12,12,40.068234,90.495621,95.096427,0.0
123,193,100,6,6,40.068234,90.573677,95.096427,0.0
123,194,100,7,7,40.068234,90.573677,95.096427,0.0
123,195,100,7,7,40.068234,90.573677,95.096427,0.0
123,196,100,7,7,40.068234,90.573677,95.096427,0.0
123,197,100,7,7,40.068234,90.573677,95.096427,0.0
123,198,100,7,7,40.068234,90.573677,95.096427,0.0
123,199,100,7,7,40.068234,90.573677,95.096427,0.0
123,200,100,7,7,40.068234,90.573677,95.096427,0.0
123,201,100,7,7,40.068234,90.573677,95.096427,0.0
123,202,100,7,7,40.068234,90.573677,95.096427,0.0
123,203,100,7,7,40.068234,90.573677,95.096427,0.0
123,204,100,7,7,40.068234,90.573677,95.096427,0.0
123,205,100,8,8,40.068234,90.573677,95.096427,0.0
123,206,100,8,8,40.068234,90.573677,95.096427,0.0
123,207,100,8,8,40.068234,90.573677,95.096427,0.0
123,208,100,8,8,39.808259,90.573677,95.096427,0.0
123,209,100,8,8,39.808259,90.573677,95.096427,0.0
123,210,100,9,9,39.808259,91.231482,95.096427,0.0
123,211,100,9,9,39.808259,91.231482,95.096427,0.0
123,212,100,9,9,39.808259,91.231482,95.096427,0.0
123,213,100,9,9,39.808259,91.231482,95.096427,0.0
123,214,100,9,9,39.808259,91.231482,95.096427,0.0
123,215,100,9,9,39.808259,91.231482,95.096427,0.0
123,216,100,9,9,39.808259,91.231482,95.096427,0.0
123,217,100,9,9,39.808259,91.231482,95.096427,0.0
123,218,100,9,9,39.808259,91.231482,95.096427,0.0
123,219,100,10,10,39.808259,91.356006,95.096427,0.0
123,220,100,10,10,39.808259,91.356006,95.096427,0.0
123,221,100,10,10,39.808259,91.356006,95.096427,0.0
123,222,100,10,10,39.808259,91.356006,95.096427,0.0
123,223,100,10,10,39.808259,91.356006,95.096427,0.0
123,224,100,10,10,39.808259,91.356006,95.096427,0.0
123,225,100,10,10,39.808259,91.356006,95.096427,0.0
123,226,100,10,10,39.808259,91.356006,95.096427,0.0
123,227,100,10,10,39.808259,91.356006,95.096427,0.0
123,228,100,10,10,39.808259,91.356006,95.096427,0.0
123,229,100,10,10,39.808259,91.356006,95.096427,0.0
123,230,100,10,10,39.808259,91.356006,95.096427,0.0
123,231,100,10,10,39.808259,91.356006,95.096427,0.0
123,232,100,10,10,39.808259,91.356006,95.096427,0.0
123,233,100,10,10,39.808259,91.356006,95.096427,0.0
123,234,100,10,10,39.808259,91.356006,95.096427,0.0
123,235,100,10,10,39.808259,91.356006,95.096427,0.0
123,236,100,10,10,39.808259,91.356006,95.096427,0.0
123,237,100,10,10,39.808259,91.356006,95.096427,0.0
123,238,100,11,11,39.808259,91.356006,95.096427,0.0
123,239,100,11,11,39.808259,91.356006,95.096427,0.0
123,240,100,11,11,39.808259,91.356006,95.096427,0.0
123,241,100,11,11,39.808259,91.356006,95.096427,0.0
123,242,100,12,12,39.808259,91.356006,95.096427,0.0
123,243,100,12,12,39.808259,91.356006,95.096427,0.0
123,244,100,12,12,39.808259,91.356006,95.096427,0.0
123,245,100,13,13,39.808259,91.356006,95.096427,0.0
123,246,100,13,13,39.808259,91.356006,95.096427,0.0
123,247,100,13,13,39.808259,91.356006,95.096427,0.0
123,248,100,13,13,39.808259,91.356006,95.096427,0.0
123,249,100,13,13,39.808259,91.356006,95.096427,0.0
123,250,100,14,14,39.808259,91.798875,95.096427,0.0
123,251,100,14,14,39.808259,91.798875,95.096427,0.0
123,252,100,14,14,39.808259,91.798875,95.096427,0.0
123,253,100,14,14,39.808259,91.798875,95.096427,0.0
123,254,100,15,15,39.808259,91.798875,95.096427,0.0
123,255,100,12,12,39.808259,91.798875,95.096427,0.0
123,256,100,12,12,39.808259,91.798875,95.096427,0.0
123,257,100,12,12,39.808259,91.798875,95.096427,0.0
123,258,100,12,12,39.808259,91.798875,95.096427,0.0
123,259,100,12,12,39.808259,91.798875,95.096427,0.0
123,260,100,12,12,39.808259,91.798875,95.096427,0.0
123,261,100,13,13,39.808259,91.798875,95.096427,0.0
123,262,100,13,13,39.808259,91.798875,95.096427,0.0
123,263,100,13,13,39.808259,91.798875,95.096427,0.0
123,264,100,13,13,39.808259,91.798875,95.096427,0.0
123,265,100,14,14,39.808259,91.798875,95.096427,0.0
123,266,100,14,14,39.808259,91.798875,95.096427,0.0
123,267,100,14,14,39.808259,91.798875,95.096427,0.0
123,268,100,14,14,39.808259,91.798875,95.096427,0.0
123,269,100,15,15,39.808259,91.798875,95.096427,0.0
123,270,100,15,15,39.808259,91.798875,95.096427,0.0
123,271,100,15,15,39.808259,91.798875,95.096427,0.0
123,272,100,15,15,39.808259,91.798875,95.096427,0.0
123,273,100,15,15,39.808259,91.798875,95.096427,0.0
123,274,100,16,16,39.557462,91.798875,95.096427,0.0
123,275,100,17,17,39.190108,91.798875,95.096427,0.0
123,276,100,16,16,39.190108,91.798875,95.096427,0.0
123,277,100,17,17,39.190108,91.798875,95.096427,0.0
123,278,100,17,17,39.190108,91.798875,95.096427,0.0
123,279,100,18,18,39.190108,91.798875,95.096427,0.0
123,280,100,18,18,39.190108,91.798875,95.096427,0.0
123,281,100,19,19,39.190108,91.798875,95.096427,0.0
123,282,100,19,19,39.190108,91.798875,95.096427,0.0
123,283,100,19,19,39.190108,91.798875,95.096427,0.0
123,284,100,19,19,39.190108,91.798875,95.096427,0.0
123,285,100,19,19,39.190108,91.798875,95.096427,0.0
123,286,100,20,20,39.190108,91.798875,95.096427,0.0
123,287,100,20,20,39.190108,91.798875,95.096427,0.0
123,288,100,20,20,39.190108,91.798875,95.096427,0.0
123,289,100,20,20,39.190108,91.798875,95.096427,0.0
123,290,100,20,20,39.190108,91.798875,95.096427,0.0
123,291,100,22,22,39.190108,91.798875,95.096427,0.0
123,292,100,22,22,39.190108,91.798875,95.096427,0.0
123,293,100,22,22,39.190108,91.798875,95.096427,0.0
123,294,100,22,22,39.190108,91.798875,95.096427,0.0
123,295,100,22,22,39.190108,91.798875,95.096427,0.0
123,296,100,22,22,39.190108,91.798875,95.096427,0.0
123,297,100,22,22,39.190108,91.798875,95.096427,0.0
123,298,100,23,23,39.190108,91.798875,95.096427,0.0
123,299,100,24,24,39.190108,91.798875,95.096427,0.0
123,300,100,23,23,39.190108,91.798875,93.744153,0.0
456,1,100,10,10,49.15914,82.500519,113.266181,0.0
456,2,100,10,10,49.15914,82.500519,113.266181,0.0
456,3,100,12,12,49.15914,82.500519,113.266181,0.0
456,4,100,17,17,46.653355,84.698239,113.266181,0.0
456,5,100,9,9,46.653355,84.698239,113.266181,0.0
456,6,100,11,11,46.653355,84.97706,103.3423,0.0
456,7,100,15,15,46.653355,85.387278,103.3423,0.0
456,8,100,18,18,43.892279,87.677296,103.3423,0.0
456,9,100,18,18,43.892279,87.677296,103.3423,0.0
456,10,100,19,19,43.892279,87.677296,103.3423,0.0
456,11,100,22,22,43.892279,87.677296,103.3423,0.0
456,12,100,21,21,43.892279,87.677296,103.3423,0.0
456,13,100,23,23,43.892279,87.677296,103.3423,0.0
456,14,100,25,25,43.892279,87.677296,103.3423,0.0
456,15,100,19,19,43.892279,88.110145,103.3423,0.0
456,16,100,17,17,43.892279,88.110145,103.3423,0.0
456,17,100,19,19,43.892279,88.110145,103.3423,0.0
456,18,100,16,16,43.892279,88.110145,103.3423,0.0
456,19,100,16,16,43.892279,88.110145,103.3423,0.0
456,20,100,16,16,43.892279,88.110145,103.3423,0.0
456,21,100,17,17,43.892279,88.110145,103.3423,0.0
456,22,100,20,20,43.892279,88.707581,103.3423,0.0
456,23,100,21,21,43.892279,88.707581,103.3423,0.0
456,24,100,23,23,43.892279,88.707581,103.3423,0.0
456,25,100,17,17,43.339383,88.707581,103.3423,0.0
456,26,100,18,18,43.339383,88.707581,103.3423,0.0
456,27,100,18,18,43.339383,88.707581,103.3423,0.0
456,28,100,18,18,43.339383,88.707581,103.3423,0.0
456,29,100,18,18,43.339383,88.707581,103.3423,0.0
456,30,100,19,19,42.028111,88.707581,103.3423,0.0
456,31,100,20,20,41.3169,88.707581,103.3423,0.0
456,32,100,21,21,41.3169,88.707581,103.3423,0.0
456,33,100,21,21,41.3169,88.707581,103.3423,0.0
456,34,100,5,5,41.3169,89.909311,99.860996,0.0
456,35,100,6,6,41.3169,89.909311,99.860996,0.0
456,36,100,6,6,41.3169,89.909311,99.860996,0.0
456,37,100,6,6,41.3169,89.909311,99.860996,0.0
456,38,100,6,6,41.3169,89.909311,99.860996,0.0
456,39,100,6,6,41.3169,89.909311,99.860996,0.0
456,40,100,6,6,41.3169,89.909311,99.860996,0.0
456,41,100,9,9,41.3169,89.909311,97.140726,0.0
456,42,100,9,9,41.3169,89.909311,97.140726,0.0
456,43,100,9,9,41.3169,89.909311,97.140726,0.0
456,44,100,9,9,41.3169,89.909311,97.140726,0.0
456,45,100,9,9,41.3169,89.909311,97.140726,0.0
456,46,100,10,10,41.3169,89.909311,97.140726,0.0
456,47,100,10,10,41.3169,89.909311,97.140726,0.0
456,48,100,10,10,40.566467,89.909311,97.140726,0.0
456,49,100,8,8,40.566467,89.909311,97.140726,0.0
456,50,100,8,8,40.566467,89.909311,97.140726,0.0
456,51,100,8,8,40.566467,89.909311,97.140726,0.0
456,52,100,9,9,40.566467,89.909311,97.140726,0.0
456,53,100,9,9,40.566467,89.909311,97.140726,0.0
456,54,100,9,9,40.566467,89.909311,97.140726,0.0
456,55,100,8,8,40.566467,89.909311,97.140726,0.0
456,56,100,8,8,40.566467,89.909311,97.140726,0.0
456,57,100,8,8,40.566467,89.909311,97.140726,0.0
456,58,100,11,11,40.566467,89.909311,97.140726,0.0
456,59,100,11,11,40.566467,89.909311,97.140726,0.0
456,60,100,11,11,40.566467,89.909311,97.140726,0.0
456,61,100,8,8,40.566467,89.909311,97.140726,0.0
456,62,100,9,9,40.472425,89.909311,97.140726,0.0
456,63,100,9,9,40.472425,89.909311,97.140726,0.0
456,64,100,10,10,40.472425,89.909311,97.140726,0.0
456,65,100,10,10,40.472425,89.909311,97.140726,0.0
456,66,100,10,10,40.472425,89.909311,97.140726,0.0
456,67,100,11,11,40.472425,89.909311,97.140726,0.0
456,68,100,11,11,40.472425,89.909311,97.140726,0.0
456,69,100,11,11,40.472425,89.909311,97.140726,0.0
456,70,100,11,11,40.472425,89.909311,97.140726,0.0
456,71,100,11,11,40.472425,89.909311,97.140726,0.0
456,72,100,11,11,40.472425,89.909311,97.140726,0.0
456,73,100,13,13,40.472425,89.909311,97.140726,0.0
456,74,100,14,14,40.472425,89.909311,97.140726,0.0
456,75,100,14,14,40.472425,89.909311,97.140726,0.0
456,76,100,14,14,40.472425,89.909311,97.140726,0.0
456,77,100,14,14,40.472425,89.909311,97.140726,0.0
456,78,100,14,14,40.472425,89.909311,97.140726,0.0
456,79,100,11,11,40.472425,89.909311,97.140726,0.0
456,80,100,11,11,40.472425,89.909311,97.140726,0.0
456,81,100,11,11,40.472425,89.909311,97.140726,0.0
456,82,100,11,11,40.472425,89.909311,97.140726,0.0
456,83,100,11,11,40.472425,89.909311,97.140726,0.0
456,84,100,12,12,40.043558,89.909311,97.140726,0.0
456,85,100,12,12,40.043558,89.909311,97.140726,0.0
456,86,100,12,12,40.043558,89.909311,97.140726,0.0
456,87,100,13,13,40.043558,89.909311,97.140726,0.0
456,88,100,13,13,40.043558,89.909311,97.140726,0.0
456,89,100,13,13,40.043558,89.909311,97.140726,0.0
456,90,100,15,15,40.043558,90.065535,94.340591,0.0
456,91,100,16,16,40.043558,90.065535,94.340591,0.0
456,92,100,15,15,40.043558,90.065535,94.340591,0.0
456,93,100,17,17,40.043558,90.065535,94.340591,0.0
456,94,100,20,20,39.716196,90.065535,94.340591,0.0
456,95,100,20,20,39.716196,90.065535,94.340591,0.0
456,96,100,21,21,39.716196,90.065535,94.340591,0.0
456,97,100,21,21,39.716196,90.065535,94.340591,0.0
456,98,100,22,22,38.910115,90.065535,94.340591,0.0
456,99,100,21,21,38.910115,90.065535,94.340591,0.0
456,100,100,22,22,38.910115,90.065535,94.340591,0.0
456,101,100,23,23,38.910115,90.065535,94.340591,0.0
456,102,100,23,23,38.910115,90.065535,94.340591,0.0
456,103,100,24,24,38.910115,90.065535,94.340591,0.0
456,104,100,24,24,38.910115,90.065535,94.340591,0.0
456,105,100,25,25,38.910115,90.065535,94.340591,0.0
456,106,100,25,25,38.910115,90.065535,94.340591,0.0
456,107,100,25,25,38.910115,90.065535,94.340591,0.0
456,108,100,26,26,38.910115,90.065535,94.340591,0.0
456,109,100,27,27,38.910115,90.065535,94.340591,0.0
456,110,100,27,27,38.910115,90.065535,94.340591,0.0
456,111,100,27,27,38.910115,90.065535,94.340591,0.0
456,112,100,27,27,38.910115,90.065535,94.340591,0.0
456,113,100,27,27,38.910115,90.065535,94.340591,0.0
456,114,100,27,27,38.910115,90.065535,94.340591,0.0
456,115,100,27,27,38.910115,90.065535,94.340591,0.0
456,116,100,23,23,38.910115,90.065535,94.340591,0.0
456,117,100,23,23,38.910115,90.065535,94.340591,0.0
456,118,100,24,24,38.910115,90.065535,94.340591,0.0
456,119,100,27,27,38.910115,90.065535,94.340591,0.0
456,120,100,27,27,38.910115,90.065535,94.340591,0.0
456,121,100,27,27,38.910115,90.065535,94.340591,0.0
456,122,100,27,27,38.910115,90.065535,94.340591,0.0
456,123,100,27,27,38.910115,90.065535,94.340591,0.0
456,124,100,28,28,38.910115,90.065535,94.340591,0.0
456,125,100,26,26,38.910115,90.065535,94.340591,0.0
456,126,100,27,27,38.910115,90.065535,94.340591,0.0
456,127,100,27,27,38.910115,90.065535,94.340591,0.0
456,128,100,28,28,38.910115,90.065535,94.340591,0.0
456,129,100,28,28,38.910115,90.065535,94.340591,0.0
456,130,100,28,28,38.910115,90.065535,94.340591,0.0
456,131,100,29,29,38.910115,90.065535,94.340591,0.0
456,132,100,29,29,38.910115,90.065535,94.340591,0.0
456,133,100,29,29,38.910115,90.065535,94.340591,0.0
456,134,100,30,30,38.190766,90.065535,94.340591,0.0
456,135,100,31,31,38.190766,90.065535,94.340591,0.0
456,136,100,32,32,38.190766,90.065535,94.340591,0.0
456,137,100,25,25,38.190766,92.820855,90.108899,0.0
456,138,100,26,26,38.190766,92.820855,90.108899,0.0
456,139,100,27,27,38.190766,92.820855,90.108899,0.0
456,140,100,29,29,38.190766,92.820855,90.108899,0.0
456,141,100,30,30,38.190766,92.820855,90.108899,0.0
456,142,100,27,27,38.190766,92.820855,90.108899,0.0
456,143,100,29,29,38.190766,92.820855,90.108899,0.0
456,144,100,19,19,38.190766,92.820855,90.108899,0.0
456,145,100,19,19,38.190766,92.820855,90.108899,0.0
456,146,100,19,19,38.190766,92.820855,90.108899,0.0
456,147,100,19,19,38.190766,92.820855,90.108899,0.0
456,148,100,19,19,38.190766,92.820855,90.108899,0.0
456,149,100,19,19,38.190766,92.820855,90.108899,0.0
456,150,100,21,21,38.190766,92.820855,90.108899,0.0
456,151,100,22,22,38.190766,92.820855,90.108899,0.0
456,152,100,22,22,38.190766,92.820855,90.108899,0.0
456,153,100,22,22,38.190766,92.820855,90.108899,0.0
456,154,100,22,22,38.190766,92.820855,90.108899,0.0
456,155,100,24,24,38.190766,92.820855,90.108899,0.0
456,156,100,25,25,38.190766,92.820855,90.108899,0.0
456,157,100,25,25,38.190766,92.820855,90.108899,0.0
456,158,100,26,26,38.190766,92.820855,90.108899,0.0
456,159,100,27,27,38.190766,92.820855,90.108899,0.0
456,160,100,27,27,38.190766,92.820855,90.108899,0.0
456,161,100,27,27,38.190766,92.820855,90.108899,0.0
456,162,100,28,28,38.190766,92.820855,90.108899,0.0
456,163,100,28,28,38.190766,92.820855,90.108899,0.0
456,164,100,28,28,38.190766,92.820855,90.108899,0.0
456,165,100,28,28,38.190766,92.820855,90.108899,0.0
456,166,100,28,28,38.190766,92.820855,90.108899,0.0
456,167,100,28,28,38.190766,92.820855,90.108899,0.0
456,168,100,28,28,38.190766,92.820855,90.108899,0.0
456,169,100,28,28,38.190766,92.820855,90.108899,0.0
456,170,100,28,28,38.190766,92.820855,90.108899,0.0
456,171,100,28,28,38.190766,92.820855,90.108899,0.0
456,172,100,28,28,38.190766,92.820855,90.108899,0.0
456,173,100,28,28,38.190766,92.820855,90.108899,0.0
456,174,100,28,28,38.190766,92.820855,90.108899,0.0
456,175,100,28,28,38.190766,92.820855,90.108899,0.0
456,176,100,28,28,38.190766,92.820855,90.108899,0.0
456,177,100,29,29,38.190766,92.820855,90.108899,0.0
456,178,100,30,30,38.190766,92.820855,90.108899,0.0
456,179,100,32,32,38.190766,92.820855,90.108899,0.0
456,180,100,31,31,38.190766,92.820855,90.108899,0.0
456,181,100,31,31,38.190766,92.820855,90.108899,0.0
456,182,100,31,31,38.190766,92.820855,90.108899,0.0
456,183,100,31,31,38.190766,92.820855,90.108899,0.0
456,184,100,32,32,38.190766,92.820855,90.108899,0.0
456,185,100,32,32,38.190766,92.820855,90.108899,0.0
456,186,100,33,33,38.190766,92.820855,90.108899,0.0
456,187,100,33,33,38.190766,92.820855,90.108899,0.0
456,188,100,34,34,38.190766,92.820855,90.108899,0.0
456,189,100,34,34,38.190766,92.820855,90.108899,0.0
456,190,100,34,34,38.190766,92.820855,90.108899,0.0
456,191,100,35,35,38.190766,92.820855,90.108899,0.0
456,192,100,37,37,38.190766,92.820855,90.108899,0.0
456,193,100,38,38,38.190766,92.820855,90.108899,0.0
456,194,100,39,39,38.190766,92.820855,90.108899,0.0
456,195,100,36,36,38.098133,92.820855,90.108899,0.0
456,196,100,26,26,38.098133,92.820855,90.108899,0.0
456,197,100,26,26,38.098133,92.820855,90.108899,0.0
456,198,100,27,27,38.098133,92.820855,90.108899,0.0
456,199,100,27,27,38.098133,92.820855,90.108899,0.0
456,200,100,27,27,38.098133,92.820855,90.108899,0.0
456,201,100,27,27,38.098133,92.820855,90.108899,0.0
456,202,100,27,27,38.098133,92.820855,90.108899,0.0
456,203,100,27,27,38.098133,92.820855,90.108899,0.0
456,204,100,27,27,38.098133,92.820855,90.108899,0.0
456,205,100,27,27,38.098133,92.820855,90.108899,0.0
456,206,100,27,27,38.098133,92.820855,90.108899,0.0
456,207,100,27,27,38.098133,92.820855,90.108899,0.0
456,208,100,28,28,38.098133,92.820855,90.108899,0.0
456,209,100,28,28,38.098133,92.820855,90.108899,0.0
456,210,100,17,17,38.098133,92.820855,90.108899,0.0
456,211,100,17,17,38.098133,92.820855,90.108899,0.0
456,212,100,18,18,38.098133,92.820855,90.108899,0.0
456,213,100,18,18,38.098133,92.820855,90.108899,0.0
456,214,100,18,18,38.098133,92.820855,90.108899,0.0
456,215,100,18,18,38.098133,92.820855,90.108899,0.0
456,216,100,18,18,38.098133,92.820855,90.108899,0.0
456,217,100,18,18,38.098133,92.820855,90.108899,0.0
456,218,100,18,18,38.098133,92.820855,90.108899,0.0
456,219,100,19,19,38.098133,92.820855,90.108899,0.0
456,220,100,19,19,38.098133,92.820855,90.108899,0.0
456,221,100,19,19,38.098133,92.820855,90.108899,0.0
456,222,100,19,19,38.098133,92.820855,90.108899,0.0
456,223,100,19,19,38.098133,92.820855,90.108899,0.0
456,224,100,19,19,38.098133,92.820855,90.108899,0.0
456,225,100,19,19,38.098133,92.820855,90.108899,0.0
456,226,100,18,18,38.098133,92.820855,90.108899,0.0
456,227,100,18,18,38.098133,92.820855,90.108899,0.0
456,228,100,18,18,38.098133,92.820855,90.108899,0.0
456,229,100,19,19,38.098133,92.820855,90.108899,0.0
456,230,100,19,19,38.098133,92.820855,90.108899,0.0
456,231,100,20,20,38.098133,92.820855,90.108899,0.0
456,232,100,21,21,38.098133,92.820855,90.108899,0.0
456,233,100,21,21,38.098133,92.820855,90.108899,0.0
456,234,100,21,21,38.098133,92.820855,90.108899,0.0
456,235,100,21,21,38.098133,92.820855,90.108899,0.0
456,236,100,21,21,38.098133,92.820855,90.108899,0.0
456,237,100,21,21,38.098133,92.820855,90.108899,0.0
456,238,100,21,21,38.098133,92.820855,90.108899,0.0
456,239,100,21,21,38.098133,92.820855,90.108899,0.0
456,240,100,21,21,38.098133,92.820855,90.108899,0.0
456,241,100,22,22,38.098133,92.820855,90.108899,0.0
456,242,100,22,22,38.098133,92.820855,90.108899,0.0
456,243,100,25,25,38.098133,92.820855,90.108899,0.0
456,244,100,25,25,38.098133,92.820855,90.108899,0.0
456,245,100,25,25,38.098133,92.820855,90.108899,0.0
456,246,100,26,26,38.098133,92.820855,90.108899,0.0
456,247,100,26,26,38.098133,92.820855,90.108899,0.0
456,248,100,26,26,38.098133,92.820855,90.108899,0.0
456,249,100,26,26,38.098133,92.820855,90.108899,0.0
456,250,100,26,26,38.098133,92.820855,90.108899,0.0
456,251,100,26,26,38.098133,92.820855,90.108899,0.0
456,252,100,23,23,38.098133,92.820855,90.108899,0.0
456,253,100,23,23,38.098133,92.820855,90.108899,0.0
456,254,100,23,23,38.098133,92.820855,90.108899,0.0
456,255,100,23,23,38.098133,92.820855,90.108899,0.0
456,256,100,23,23,38.098133,92.820855,90.108899,0.0
456,257,100,23,23,38.098133,92.820855,90.108899,0.0
456,258,100,23,23,38.098133,92.820855,90.108899,0.0
456,259,100,23,23,38.098133,92.820855,90.108899,0.0
456,260,100,23,23,38.098133,92.820855,90.108899,0.0
456,261,100,23,23,38.098133,92.820855,90.108899,0.0
456,262,100,23,23,38.098133,92.820855,90.108899,0.0
456,263,100,24,24,38.098133,92.820855,90.108899,0.0
456,264,100,25,25,38.098133,92.820855,90.108899,0.0
456,265,100,25,25,38.098133,92.820855,90.108899,0.0
456,266,100,26,26,38.098133,92.820855,90.108899,0.0
456,267,100,26,26,38.098133,92.820855,90.108899,0.0
456,268,100,27,27,38.098133,92.820855,90.108899,0.0
456,269,100,27,27,38.098133,92.820855,90.108899,0.0
456,270,100,27,27,38.098133,92.820855,90.108899,0.0
456,271,100,27,27,38.098133,92.820855,90.108899,0.0
456,272,100,27,27,38.098133,92.820855,90.108899,0.0
456,273,100,27,27,38.098133,92.820855,90.108899,0.0
456,274,100,27,27,38.098133,92.820855,90.108899,0.0
456,275,100,27,27,38.098133,92.820855,90.108899,0.0
456,276,100,27,27,38.098133,92.820855,90.108899,0.0
456,277,100,27,27,38.098133,92.820855,90.108899,0.0
456,278,100,27,27,38.098133,92.820855,90.108899,0.0
456,279,100,27,27,38.098133,92.820855,90.108899,0.0
456,280,100,27,27,38.098133,92.820855,90.108899,0.0
456,281,100,27,27,38.098133,92.820855,90.108899,0.0
456,282,100,27,27,38.098133,92.820855,90.108899,0.0
456,283,100,27,27,38.098133,92.820855,90.108899,0.0
456,284,100,27,27,38.098133,92.820855,90.108899,0.0
456,285,100,27,27,38.098133,92.820855,90.108899,0.0
456,286,100,28,28,38.098133,92.820855,90.108899,0.0
456,287,100,28,28,38.098133,92.820855,90.108899,0.0
456,288,100,28,28,38.098133,92.820855,90.108899,0.0
456,289,100,28,28,38.098133,92.820855,90.108899,0.0
456,290,100,28,28,38.098133,92.820855,90.108899,0.0
456,291,100,28,28,38.098133,92.820855,90.108899,0.0
456,292,100,28,28,38.098133,92.820855,90.108899,0.0
456,293,100,28,28,38.098133,92.820855,90.108899,0.0
456,294,100,28,28,38.098133,92.820855,90.108899,0.0
456,295,100,28,28,38.098133,92.820855,90.108899,0.0
456,296,100,28,28,38.098133,92.820855,90.108899,0.0
456,297,100,28,28,38.098133,92.820855,90.108899,0.0
456,298,100,28,28,38.098133,92.820855,90.108899,0.0
456,299,100,28,28,38.098133,92.820855,90.108899,0.0
456,300,100,28,28,38.098133,92.820855,90.108899,0.0
789,1,100,1,1,51.409289,83.317313,118.550849,0.0
789,2,100,2,2,48.76007,83.317313,118.550849,0.0
789,3,100,3,3,43.28022,83.317313,115.788377,0.0
789,4,100,4,4,43.28022,83.317313,113.772671,0.0
789,5,100,5,5,43.28022,83.317313,113.255115,0.0
789,6,100,9,9,43.28022,83.675862,108.447267,0.0
789,7,100,11,11,43.28022,83.675862,104.073565,0.0
789,8,100,14,14,43.28022,83.675862,104.073565,0.0
789,9,100,17,17,43.28022,84.97091,104.073565,0.0
789,10,100,19,19,43.28022,84.97091,104.073565,0.0
789,11,100,23,23,43.28022,87.509635,104.073565,0.0
789,12,100,23,23,43.28022,87.509635,104.073565,0.0
789,13,100,23,23,43.28022,87.509635,104.073565,0.0
789,14,100,26,26,43.28022,87.509635,104.073565,0.0
789,15,100,15,15,43.28022,87.509635,104.073565,0.0
789,16,100,16,16,43.28022,87.509635,104.073565,0.0
789,17,100,16,16,43.28022,87.509635,104.073565,0.0
789,18,100,16,16,43.28022,87.509635,104.073565,0.0
789,19,100,18,18,43.28022,87.509635,104.073565,0.0
789,20,100,16,16,43.28022,87.509635,104.073565,0.0
789,21,100,16,16,43.28022,87.509635,104.073565,0.0
789,22,100,18,18,43.28022,87.509635,104.073565,0.0
789,23,100,21,21,43.154922,87.509635,104.073565,0.0
789,24,100,24,24,43.154922,87.509635,104.073565,0.0
789,25,100,22,22,43.154922,87.509635,104.073565,0.0
789,26,100,23,23,43.154922,87.509635,104.073565,0.0
789,27,100,25,25,43.154922,87.509635,103.09795,0.0
789,28,100,27,27,43.154922,87.509635,103.09795,0.0
789,29,100,28,28,43.154922,87.509635,99.017791,0.0
789,30,100,29,29,43.154922,87.509635,99.017791,0.0
789,31,100,27,27,43.154922,87.509635,99.017791,0.0
789,32,100,27,27,43.154922,87.509635,99.017791,0.0
789,33,100,30,30,43.154922,87.509635,99.017791,0.0
789,34,100,30,30,43.154922,87.509635,99.017791,0.0
789,35,100,30,30,43.154922,87.509635,99.017791,0.0
789,36,100,30,30,42.68637,88.769184,99.017791,0.0
789,37,100,33,33,42.68637,88.769184,99.017791,0.0
789,38,100,34,34,42.68637,88.769184,99.017791,0.0
789,39,100,32,32,42.68637,88.769184,99.017791,0.0
789,40,100,32,32,42.68637,88.769184,99.017791,0.0
789,41,100,27,27,42.114949,88.769184,99.017791,0.0
789,42,100,28,28,42.114949,88.769184,99.017791,0.0
789,43,100,28,28,42.114949,88.769184,98.882865,0.0
789,44,100,28,28,42.114949,88.769184,98.882865,0.0
789,45,100,29,29,42.114949,88.769184,98.882865,0.0
789,46,100,32,32,41.703908,88.769184,98.882865,0.0
789,47,100,24,24,41.703908,88.769184,98.882865,0.0
789,48,100,24,24,41.703908,88.769184,98.882865,0.0
789,49,100,17,17,41.573882,88.769184,98.882865,0.0
789,50,100,16,16,41.573882,88.769184,98.882865,0.0
789,51,100,16,16,41.573882,88.769184,98.882865,0.0
789,52,100,17,17,41.573882,88.769184,98.882865,0.0
789,53,100,20,20,41.573882,88.769184,98.882865,0.0
789,54,100,21,21,41.061978,88.769184,98.882865,0.0
789,55,100,21,21,41.061978,88.769184,98.882865,0.0
789,56,100,21,21,41.061978,88.769184,98.882865,0.0
789,57,100,19,19,41.061978,88.769184,98.882865,0.0
789,58,100,20,20,41.061978,88.769184,98.882865,0.0
789,59,100,21,21,41.061978,88.769184,98.882865,0.0
789,60,100,21,21,41.061978,88.769184,98.882865,0.0
789,61,100,21,21,41.061978,88.769184,98.882865,0.0
789,62,100,20,20,41.061978,88.769184,98.882865,0.0
789,63,100,21,21,41.061978,88.769184,98.882865,0.0
789,64,100,22,22,41.061978,88.769184,98.882865,0.0
789,65,100,22,22,41.061978,88.769184,98.589019,0.0
789,66,100,20,20,41.061978,88.769184,98.589019,0.0
789,67,100,20,20,40.697051,88.769184,98.589019,0.0
789,68,100,20,20,40.697051,88.769184,98.589019,0.0
789,69,100,21,21,40.697051,88.769184,98.589019,0.0
789,70,100,21,21,40.697051,88.769184,97.273869,0.0
789,71,100,21,21,40.697051,88.769184,97.273869,0.0
789,72,100,23,23,40.690185,88.769184,97.273869,0.0
789,73,100,25,25,40.690185,88.769184,97.273869,0.0
789,74,100,25,25,40.690185,88.769184,97.273869,0.0
789,75,100,25,25,40.690185,88.769184,97.273869,0.0
789,76,100,25,25,40.690185,88.769184,97.273869,0.0
789,77,100,25,25,40.690185,88.769184,97.273869,0.0
789,78,100,25,25,40.690185,88.769184,97.273869,0.0
789,79,100,26,26,40.690185,88.769184,97.273869,0.0
789,80,100,27,27,40.3185,88.769184,97.273869,0.0
789,81,100,28,28,40.3185,88.769184,97.273869,0.0
789,82,100,28,28,40.3185,88.994451,97.273869,0.0
789,83,100,28,28,40.3185,88.994451,97.273869,0.0
789,84,100,28,28,40.3185,88.994451,97.273869,0.0
789,85,100,29,29,40.3185,88.994451,97.273869,0.0
789,86,100,29,29,40.3185,88.994451,97.273869,0.0
789,87,100,30,30,40.3185,88.994451,97.273869,0.0
789,88,100,30,30,40.3185,88.994451,97.273869,0.0
789,89,100,31,31,40.3185,88.994451,97.273869,0.0
789,90,100,25,25,40.3185,88.994451,97.273869,0.0
789,91,100,27,27,40.3185,88.994451,97.273869,0.0
789,92,100,27,27,40.3185,88.994451,97.273869,0.0
789,93,100,27,27,40.3185,88.994451,97.273869,0.0
789,94,100,21,21,40.3185,89.872578,97.273869,0.0
789,95,100,21,21,40.3185,89.872578,97.273869,0.0
789,96,100,21,21,40.3185,89.872578,97.273869,0.0
789,97,100,22,22,40.167416,89.872578,97.273869,0.0
789,98,100,22,22,40.167416,89.872578,97.273869,0.0
789,99,100,22,22,40.167416,89.872578,97.273869,0.0
789,100,100,25,25,40.167416,89.872578,97.273869,0.0
789,101,100,25,25,40.167416,89.872578,97.273869,0.0
789,102,100,25,25,40.167416,89.872578,97.273869,0.0
789,103,100,25,25,40.167416,89.872578,97.273869,0.0
789,104,100,26,26,40.167416,89.872578,97.273869,0.0
789,105,100,26,26,40.167416,89.872578,97.273869,0.0
789,106,100,22,22,40.167416,89.872578,97.273869,0.0
789,107,100,23,23,40.167416,89.872578,97.273869,0.0
789,108,100,24,24,40.167416,89.872578,97.273869,0.0
789,109,100,24,24,40.167416,89.872578,97.273869,0.0
789,110,100,25,25,40.167416,89.872578,97.273869,0.0
789,111,100,26,26,40.167416,89.872578,97.273869,0.0
789,112,100,27,27,40.167416,89.872578,97.273869,0.0
789,113,100,28,28,40.167416,89.872578,97.273869,0.0
789,114,100,28,28,40.167416,89.872578,97.273869,0.0
789,115,100,29,29,40.167416,89.872578,97.273869,0.0
789,116,100,29,29,40.167416,89.872578,97.273869,0.0
789,117,100,29,29,40.167416,89.872578,97.273869,0.0
789,118,100,29,29,40.167416,89.872578,97.273869,0.0
789,119,100,30,30,40.167416,89.872578,97.273869,0.0
789,120,100,30,30,40.167416,89.872578,97.273869,0.0
789,121,100,30,30,40.167416,89.872578,97.273869,0.0
789,122,100,30,30,40.167416,89.872578,97.273869,0.0
789,123,100,30,30,40.167416,89.872578,97.273869,0.0
789,124,100,30,30,40.167416,89.872578,97.273869,0.0
789,125,100,31,31,40.167416,90.559307,97.273869,0.0
789,126,100,32,32,40.167416,90.559307,97.273869,0.0
789,127,100,33,33,40.167416,90.559307,97.273869,0.0
789,128,100,19,19,40.167416,90.559307,97.273869,0.0
789,129,100,19,19,40.167416,90.559307,97.273869,0.0
789,130,100,19,19,40.167416,90.559307,97.273869,0.0
789,131,100,19,19,40.167416,90.559307,97.273869,0.0
789,132,100,19,19,40.167416,90.559307,97.273869,0.0
789,133,100,19,19,40.167416,90.559307,97.273869,0.0
789,134,100,19,19,40.167416,90.559307,97.273869,0.0
789,135,100,20,20,40.167416,90.559307,93.744153,0.0
789,136,100,17,17,40.167416,90.559307,93.744153,0.0
789,137,100,18,18,40.167416,90.711182,93.744153,0.0
789,138,100,19,19,40.167416,90.711182,93.744153,0.0
789,139,100,20,20,40.167416,90.711182,93.744153,0.0
789,140,100,20,20,40.167416,90.711182,93.744153,0.0
789,141,100,20,20,40.167416,90.711182,93.744153,0.0
789,142,100,20,20,40.167416,90.711182,93.744153,0.0
789,143,100,20,20,40.167416,90.711182,93.744153,0.0
789,144,100,21,21,40.167416,90.711182,93.744153,0.0
789,145,100,19,19,40.167416,90.711182,93.744153,0.0
789,146,100,19,19,40.167416,90.711182,93.744153,0.0
789,147,100,20,20,40.167416,90.711182,93.744153,0.0
789,148,100,20,20,40.167416,90.711182,93.744153,0.0
789,149,100,20,20,40.167416,90.711182,93.744153,0.0
789,150,100,21,21,40.167416,90.711182,93.744153,0.0
789,151,100,22,22,40.167416,90.711182,93.744153,0.0
789,152,100,22,22,40.167416,90.711182,93.744153,0.0
789,153,100,22,22,40.167416,90.711182,93.744153,0.0
789,154,100,21,21,40.167416,90.711182,92.768516,0.0
789,155,100,21,21,40.167416,90.711182,92.768516,0.0
789,156,100,21,21,40.167416,90.711182,92.768516,0.0
789,157,100,20,20,39.172176,90.711182,92.768516,0.0
789,158,100,20,20,39.172176,90.711182,92.768516,0.0
789,159,100,20,20,39.172176,90.711182,92.768516,0.0
789,160,100,20,20,39.172176,90.711182,92.768516,0.0
789,161,100,20,20,39.172176,90.711182,92.768516,0.0
789,162,100,21,21,39.172176,90.711182,92.768516,0.0
789,163,100,19,19,39.172176,90.711182,92.768516,0.0
789,164,100,19,19,39.172176,90.711182,92.768516,0.0
789,165,100,16,16,39.172176,90.711182,92.768516,0.0
789,166,100,18,18,39.172176,90.711182,92.768516,0.0
789,167,100,18,18,39.172176,90.711182,92.768516,0.0
789,168,100,18,18,39.172176,90.711182,92.768516,0.0
789,169,100,18,18,39.172176,90.711182,92.768516,0.0
789,170,100,18,18,39.172176,90.711182,92.768516,0.0
789,171,100,19,19,39.172176,90.711182,92.768516,0.0
789,172,100,19,19,39.172176,90.711182,92.768516,0.0
789,173,100,20,20,39.172176,90.711182,92.768516,0.0
789,174,100,20,20,39.172176,90.711182,92.768516,0.0
789,175,100,20,20,39.172176,90.711182,92.768516,0.0
789,176,100,22,22,39.172176,90.711182,92.768516,0.0
789,177,100,22,22,39.172176,90.711182,92.768516,0.0
789,178,100,16,16,39.172176,90.824198,92.768516,0.0
789,179,100,16,16,39.172176,90.824198,92.768516,0.0
789,180,100,16,16,39.172176,90.824198,92.768516,0.0
789,181,100,17,17,38.845121,90.824198,92.768516,0.0
789,182,100,17,17,38.845121,90.824198,92.768516,0.0
789,183,100,18,18,38.845121,90.824198,92.768516,0.0
789,184,100,18,18,38.845121,90.824198,92.768516,0.0
789,185,100,18,18,38.845121,90.824198,92.768516,0.0
789,186,100,18,18,38.845121,90.824198,92.768516,0.0
789,187,100,18,18,38.845121,90.824198,92.768516,0.0
789,188,100,18,18,38.845121,90.824198,92.768516,0.0
789,189,100,18,18,38.845121,90.824198,92.768516,0.0
789,190,100,19,19,38.845121,90.824198,92.768516,0.0
789,191,100,21,21,38.845121,90.824198,92.768516,0.0
789,192,100,22,22,38.845121,90.824198,92.768516,0.0
789,193,100,15,15,38.845121,90.824198,92.768516,0.0
789,194,100,15,15,38.845121,90.824198,92.768516,0.0
789,195,100,15,15,38.845121,90.824198,92.768516,0.0
789,196,100,15,15,38.845121,90.824198,92.768516,0.0
789,197,100,17,17,38.845121,90.824198,92.768516,0.0
789,198,100,17,17,38.845121,90.824198,92.768516,0.0
789,199,100,17,17,38.845121,90.824198,92.768516,0.0
789,200,100,17,17,38.845121,90.824198,92.768516,0.0
789,201,100,18,18,38.845121,90.824198,92.768516,0.0
789,202,100,20,20,38.845121,90.824198,92.768516,0.0
789,203,100,20,20,38.845121,90.824198,92.768516,0.0
789,204,100,21,21,38.845121,90.824198,92.768516,0.0
789,205,100,21,21,38.845121,90.824198,92.768516,0.0
789,206,100,22,22,38.845121,90.824198,92.768516,0.0
789,207,100,23,23,38.845121,91.444251,92.768516,0.0
789,208,100,23,23,38.845121,91.444251,92.768516,0.0
789,209,100,23,23,38.845121,91.444251,92.768516,0.0
789,210,100,24,24,38.845121,91.529081,92.768516,0.0
789,211,100,25,25,38.845121,91.529081,92.768516,0.0
789,212,100,25,25,38.845121,91.529081,92.768516,0.0
789,213,100,25,25,38.845121,91.529081,92.768516,0.0
789,214,100,25,25,38.845121,91.529081,92.768516,0.0
789,215,100,25,25,38.845121,91.529081,92.768516,0.0
789,216,100,25,25,38.845121,91.529081,92.768516,0.0
789,217,100,25,25,38.845121,91.529081,92.768516,0.0
789,218,100,25,25,38.845121,91.529081,92.768516,0.0
789,219,100,25,25,38.845121,91.529081,92.768516,0.0
789,220,100,25,25,38.845121,91.529081,92.768516,0.0
789,221,100,25,25,38.845121,91.529081,92.768516,0.0
789,222,100,26,26,38.845121,91.529081,92.768516,0.0
789,223,100,27,27,38.845121,91.529081,92.768516,0.0
789,224,100,27,27,38.845121,91.529081,92.768516,0.0
789,225,100,28,28,38.845121,91.529081,92.768516,0.0
789,226,100,30,30,38.845121,91.529081,92.768516,0.0
789,227,100,30,30,38.845121,91.529081,92.768516,0.0
789,228,100,30,30,38.845121,91.529081,92.768516,0.0
789,229,100,31,31,38.845121,91.529081,92.768516,0.0
789,230,100,31,31,38.845121,91.529081,92.768516,0.0
789,231,100,31,31,38.845121,91.529081,92.768516,0.0
789,232,100,31,31,38.845121,91.529081,92.768516,0.0
789,233,100,29,29,38.845121,91.529081,92.768516,0.0
789,234,100,32,32,38.845121,91.529081,92.768516,0.0
789,235,100,32,32,38.845121,91.529081,92.768516,0.0
789,236,100,32,32,38.845121,91.529081,92.768516,0.0
789,237,100,33,33,38.845121,91.529081,92.768516,0.0
789,238,100,34,34,38.845121,91.529081,92.768516,0.0
789,239,100,35,35,38.845121,91.529081,92.768516,0.0
789,240,100,36,36,38.845121,91.529081,92.768516,0.0
789,241,100,36,36,38.845121,91.529081,92.768516,0.0
789,242,100,36,36,38.845121,91.529081,92.768516,0.0
789,243,100,32,32,38.845121,91.529081,92.768516,0.0
789,244,100,32,32,38.845121,91.529081,92.768516,0.0
789,245,100,32,32,38.845121,91.529081,92.768516,0.0
789,246,100,32,32,38.845121,91.529081,92.768516,0.0
789,247,100,32,32,38.845121,91.529081,92.768516,0.0
789,248,100,32,32,38.845121,91.529081,92.768516,0.0
789,249,100,32,32,38.845121,91.529081,92.768516,0.0
789,250,100,32,32,38.845121,91.529081,92.768516,0.0
789,251,100,32,32,38.845121,91.529081,92.768516,0.0
789,252,100,32,32,38.845121,91.819905,92.768516,0.0
789,253,100,33,33,38.845121,91.819905,92.768516,0.0
789,254,100,33,33,38.845121,91.819905,92.768516,0.0
789,255,100,31,31,38.845121,91.819905,92.768516,0.0
789,256,100,31,31,38.845121,91.819905,92.768516,0.0
789,257,100,31,31,38.845121,91.819905,92.768516,0.0
789,258,100,31,31,38.845121,91.819905,92.768516,0.0
789,259,100,31,31,38.845121,91.819905,92.768516,0.0
789,260,100,31,31,38.845121,91.819905,92.768516,0.0
789,261,100,31,31,38.845121,91.819905,92.768516,0.0
789,262,100,31,31,38.845121,91.819905,92.768516,0.0
789,263,100,31,31,38.845121,91.819905,92.768516,0.0
789,264,100,31,31,38.845121,91.819905,92.768516,0.0
789,265,100,32,32,38.845121,91.819905,92.768516,0.0
789,266,100,32,32,38.845121,91.819905,92.768516,0.0
789,267,100,32,32,38.845121,91.819905,92.768516,0.0
789,268,100,32,32,38.845121,91.819905,92.768516,0.0
789,269,100,33,33,38.845121,91.819905,92.768516,0.0
789,270,100,33,33,38.845121,91.819905,92.768516,0.0
789,271,100,33,33,38.845121,91.819905,92.768516,0.0
789,272,100,29,29,38.845121,91.819905,92.768516,0.0
789,273,100,29,29,38.845121,91.819905,92.768516,0.0
789,274,100,29,29,38.845121,91.819905,92.768516,0.0
789,275,100,29,29,38.845121,91.819905,92.768516,0.0
789,276,100,29,29,38.845121,91.819905,92.768516,0.0
789,277,100,30,30,38.845121,91.819905,92.768516,0.0
789,278,100,30,30,38.845121,91.819905,92.768516,0.0
789,279,100,31,31,38.845121,91.819905,92.768516,0.0
789,280,100,31,31,38.845121,91.819905,92.768516,0.0
789,281,100,31,31,38.845121,91.819905,92.768516,0.0
789,282,100,31,31,38.845121,91.819905,92.768516,0.0
789,283,100,32,32,38.845121,91.819905,92.768516,0.0
789,284,100,32,32,38.845121,91.819905,92.768516,0.0
789,285,100,33,33,38.845121,91.819905,92.768516,0.0
789,286,100,33,33,38.845121,91.819905,92.768516,0.0
789,287,100,35,35,38.845121,91.819905,92.768516,0.0
789,288,100,35,35,38.845121,91.819905,92.768516,0.0
789,289,100,35,35,38.845121,91.819905,92.768516,0.0
789,290,100,33,33,38.845121,91.819905,92.768516,0.0
789,291,100,33,33,38.845121,91.819905,92.768516,0.0
789,292,100,34,34,38.845121,91.819905,92.768516,0.0
789,293,100,34,34,38.845121,91.819905,92.768516,0.0
789,294,100,34,34,38.845121,91.819905,92.768516,0.0
789,295,100,34,34,38.845121,91.819905,92.768516,0.0
789,296,100,34,34,38.845121,91.819905,92.768516,0.0
789,297,100,34,34,38.845121,91.819905,92.768516,0.0
789,298,100,22,22,38.845121,91.819905,92.768516,0.0
789,299,100,22,22,38.845121,91.819905,92.768516,0.0
789,300,100,22,22,38.845121,91.819905,92.768516,0.0
1011,1,100,6,6,52.278036,82.345683,122.514687,0.0
1011,2,100,7,7,50.503607,85.64497,115.788377,0.0
1011,3,100,6,6,49.76253,85.64497,113.772671,0.0
1011,4,100,4,4,49.76253,85.64497,113.772671,0.0
1011,5,100,5,5,49.76253,85.64497,113.772671,0.0
1011,6,100,7,7,45.100423,85.64497,108.394223,0.0
1011,7,100,8,8,45.100423,85.64497,108.394223,0.0
1011,8,100,8,8,45.100423,85.64497,108.394223,0.0
1011,9,100,8,8,45.100423,85.64497,108.394223,0.0
1011,10,100,11,11,45.100423,85.64497,108.394223,0.0
1011,11,100,6,6,45.100423,85.730947,108.394223,0.0
1011,12,100,7,7,45.100423,85.730947,108.394223,0.0
1011,13,100,7,7,45.100423,85.730947,108.394223,0.0
1011,14,100,6,6,44.782509,85.730947,108.394223,0.0
1011,15,100,9,9,43.10016,86.465363,106.220061,0.0
1011,16,100,7,7,43.10016,87.85893,106.220061,0.0
1011,17,100,8,8,43.10016,87.85893,106.220061,0.0
1011,18,100,7,7,43.10016,87.85893,106.220061,0.0
1011,19,100,9,9,43.10016,87.85893,106.220061,0.0
1011,20,100,9,9,43.10016,87.85893,106.220061,0.0
1011,21,100,9,9,43.10016,87.85893,106.220061,0.0
1011,22,100,9,9,43.10016,87.85893,106.220061,0.0
1011,23,100,11,11,43.10016,87.85893,106.220061,0.0
1011,24,100,11,11,42.942521,87.85893,106.220061,0.0
1011,25,100,13,13,41.494346,87.85893,104.326164,0.0
1011,26,100,14,14,41.494346,87.85893,104.326164,0.0
1011,27,100,9,9,41.186509,87.85893,102.596835,0.0
1011,28,100,9,9,41.186509,87.85893,102.596835,0.0
1011,29,100,10,10,41.186509,87.960949,102.596835,0.0
1011,30,100,11,11,41.186509,87.960949,102.596835,0.0
1011,31,100,10,10,41.186509,87.960949,102.596835,0.0
1011,32,100,12,12,41.186509,89.39431,102.596835,0.0
1011,33,100,15,15,41.186509,89.39431,102.596835,0.0
1011,34,100,17,17,41.186509,89.39431,100.036596,0.0
1011,35,100,17,17,41.186509,89.39431,100.036596,0.0
1011,36,100,14,14,41.186509,89.39431,100.036596,0.0
1011,37,100,14,14,41.186509,89.39431,100.036596,0.0
1011,38,100,14,14,41.186509,89.39431,100.036596,0.0
1011,39,100,15,15,41.186509,89.39431,100.036596,0.0
1011,40,100,15,15,41.186509,89.39431,100.036596,0.0
1011,41,100,6,6,41.186509,89.39431,100.036596,0.0
1011,42,100,7,7,41.186509,89.39431,100.036596,0.0
1011,43,100,7,7,41.186509,89.39431,100.036596,0.0
1011,44,100,7,7,41.186509,89.636966,100.036596,0.0
1011,45,100,7,7,41.186509,89.636966,100.036596,0.0
1011,46,100,8,8,41.186509,89.636966,100.036596,0.0
1011,47,100,10,10,41.186509,89.636966,100.036596,0.0
1011,48,100,10,10,41.186509,89.636966,100.036596,0.0
1011,49,100,10,10,41.186509,89.636966,100.036596,0.0
1011,50,100,10,10,41.186509,89.693736,100.036596,0.0
1011,51,100,10,10,41.186509,89.693736,100.036596,0.0
1011,52,100,10,10,41.186509,89.693736,100.036596,0.0
1011,53,100,10,10,41.186509,90.011684,100.036596,0.0
1011,54,100,8,8,41.186509,90.011684,100.036596,0.0
1011,55,100,9,9,41.186509,90.011684,100.036596,0.0
1011,56,100,9,9,41.186509,90.011684,100.036596,0.0
1011,57,100,9,9,41.186509,90.011684,100.036596,0.0
1011,58,100,9,9,41.186509,90.011684,100.036596,0.0
1011,59,100,9,9,41.186509,90.011684,100.036596,0.0
1011,60,100,10,10,41.186509,90.011684,100.036596,0.0
1011,61,100,10,10,41.186509,90.011684,100.036596,0.0
1011,62,100,10,10,41.186509,90.011684,100.036596,0.0
1011,63,100,10,10,41.186509,90.011684,100.036596,0.0
1011,64,100,10,10,41.186509,90.011684,100.036596,0.0
1011,65,100,10,10,41.186509,90.011684,100.036596,0.0
1011,66,100,11,11,41.186509,90.011684,100.036596,0.0
1011,67,100,13,13,41.186509,90.011684,100.036596,0.0
1011,68,100,14,14,41.186509,90.011684,100.036596,0.0
1011,69,100,16,16,41.186509,90.011684,100.036596,0.0
1011,70,100,16,16,41.186509,90.011684,100.036596,0.0
1011,71,100,16,16,41.186509,90.011684,100.036596,0.0
1011,72,100,17,17,40.292872,90.011684,100.036596,0.0
1011,73,100,18,18,40.292872,90.011684,100.036596,0.0
1011,74,100,15,15,40.292872,90.011684,100.036596,0.0
1011,75,100,16,16,40.292872,90.011684,100.036596,0.0
1011,76,100,15,15,40.292872,90.011684,100.036596,0.0
1011,77,100,15,15,40.292872,90.011684,100.036596,0.0
1011,78,100,15,15,40.292872,90.011684,100.036596,0.0
1011,79,100,15,15,40.292872,90.011684,100.036596,0.0
1011,80,100,17,17,40.292872,90.011684,100.036596,0.0
1011,81,100,13,13,39.767504,90.011684,100.036596,0.0
1011,82,100,14,14,39.767504,90.011684,100.036596,0.0
1011,83,100,14,14,39.767504,90.011684,100.036596,0.0
1011,84,100,14,14,39.767504,90.011684,100.036596,0.0
1011,85,100,17,17,39.767504,90.07564,100.036596,0.0
1011,86,100,18,18,39.767504,90.07564,100.036596,0.0
1011,87,100,19,19,39.767504,90.07564,100.036596,0.0
1011,88,100,20,20,39.767504,90.07564,100.036596,0.0
1011,89,100,20,20,39.767504,90.07564,98.602019,0.0
1011,90,100,20,20,39.767504,90.07564,98.602019,0.0
1011,91,100,20,20,39.767504,90.07564,98.602019,0.0
1011,92,100,20,20,39.767504,90.07564,98.602019,0.0
1011,93,100,18,18,39.767504,90.160058,98.602019,0.0
1011,94,100,18,18,39.767504,90.160058,98.602019,0.0
1011,95,100,18,18,39.767504,90.160058,98.602019,0.0
1011,96,100,18,18,39.767504,90.160058,98.602019,0.0
1011,97,100,17,17,39.767504,90.160058,98.602019,0.0
1011,98,100,17,17,39.767504,90.160058,98.602019,0.0
1011,99,100,17,17,39.767504,90.160058,98.602019,0.0
1011,100,100,17,17,39.767504,90.160058,98.602019,0.0
1011,101,100,18,18,39.767504,90.160058,98.602019,0.0
1011,102,100,18,18,39.767504,90.160058,98.602019,0.0
1011,103,100,9,9,39.767504,90.160058,98.602019,0.0
1011,104,100,7,7,39.767504,90.160058,98.602019,0.0
1011,105,100,7,7,39.767504,90.160058,98.602019,0.0
1011,106,100,8,8,39.767504,90.160058,98.602019,0.0
1011,107,100,8,8,39.767504,90.160058,98.602019,0.0
1011,108,100,8,8,39.767504,90.160058,98.602019,0.0
1011,109,100,9,9,39.767504,90.160058,98.602019,0.0
1011,110,100,10,10,39.767504,90.160058,98.130821,0.0
1011,111,100,10,10,39.767504,90.160058,98.130821,0.0
1011,112,100,10,10,39.767504,90.160058,98.130821,0.0
1011,113,100,10,10,39.767504,90.160058,98.130821,0.0
1011,114,100,10,10,39.767504,90.160058,98.130821,0.0
1011,115,100,10,10,39.767504,90.160058,98.130821,0.0
1011,116,100,10,10,39.767504,90.160058,98.130821,0.0
1011,117,100,10,10,39.767504,90.160058,98.130821,0.0
1011,118,100,10,10,39.767504,90.160058,98.130821,0.0
1011,119,100,10,10,39.767504,90.160058,98.130821,0.0
1011,120,100,10,10,39.767504,90.160058,98.130821,0.0
1011,121,100,10,10,39.767504,90.160058,98.130821,0.0
1011,122,100,10,10,39.767504,90.160058,92.767141,0.0
1011,123,100,10,10,39.767504,90.160058,92.767141,0.0
1011,124,100,10,10,39.767504,90.160058,92.767141,0.0
1011,125,100,10,10,39.767504,90.160058,92.767141,0.0
1011,126,100,11,11,39.767504,90.160058,92.767141,0.0
1011,127,100,11,11,39.767504,90.160058,92.767141,0.0
1011,128,100,11,11,39.767504,90.160058,92.767141,0.0
1011,129,100,11,11,39.767504,90.160058,92.767141,0.0
1011,130,100,11,11,39.767504,90.160058,92.767141,0.0
1011,131,100,11,11,39.767504,90.160058,92.767141,0.0
1011,132,100,11,11,39.767504,90.160058,92.767141,0.0
1011,133,100,11,11,39.767504,90.160058,92.767141,0.0
1011,134,100,11,11,39.767504,90.160058,92.767141,0.0
1011,135,100,11,11,39.767504,90.160058,92.767141,0.0
1011,136,100,11,11,39.767504,90.160058,92.767141,0.0
1011,137,100,11,11,39.767504,90.160058,92.767141,0.0
1011,138,100,11,11,39.767504,90.160058,92.767141,0.0
1011,139,100,11,11,39.767504,90.160058,92.767141,0.0
1011,140,100,11,11,39.767504,90.160058,92.767141,0.0
1011,141,100,11,11,39.767504,90.160058,92.767141,0.0
1011,142,100,11,11,39.767504,90.160058,92.767141,0.0
1011,143,100,12,12,39.767504,90.642493,92.767141,0.0
1011,144,100,12,12,39.767504,90.642493,92.767141,0.0
1011,145,100,12,12,39.767504,90.642493,92.767141,0.0
1011,146,100,13,13,39.767504,90.642493,92.767141,0.0
1011,147,100,13,13,39.767504,90.642493,92.767141,0.0
1011,148,100,13,13,39.767504,90.642493,92.767141,0.0
1011,149,100,15,15,39.767504,90.642493,92.767141,0.0
1011,150,100,15,15,39.767504,90.642493,92.767141,0.0
1011,151,100,15,15,39.767504,90.642493,92.767141,0.0
1011,152,100,15,15,39.767504,90.642493,92.767141,0.0
1011,153,100,15,15,39.767504,90.642493,92.767141,0.0
1011,154,100,15,15,39.767504,90.642493,92.767141,0.0
1011,155,100,15,15,39.767504,90.642493,92.767141,0.0
1011,156,100,16,16,39.767504,90.642493,92.767141,0.0
1011,157,100,16,16,39.767504,90.642493,92.767141,0.0
1011,158,100,16,16,39.767504,90.642493,92.767141,0.0
1011,159,100,17,17,39.767504,90.642493,92.767141,0.0
1011,160,100,17,17,39.767504,90.642493,92.767141,0.0
1011,161,100,17,17,39.767504,90.642493,92.767141,0.0
1011,162,100,19,19,39.767504,90.642493,92.767141,0.0
1011,163,100,20,20,39.767504,90.642493,92.767141,0.0
1011,164,100,20,20,39.767504,90.642493,92.767141,0.0
1011,165,100,20,20,39.767504,90.642493,92.767141,0.0
1011,166,100,8,8,39.767504,90.642493,92.52551,0.0
1011,167,100,8,8,39.767504,90.642493,92.52551,0.0
1011,168,100,8,8,39.767504,90.642493,92.52551,0.0
1011,169,100,8,8,39.767504,90.642493,92.52551,0.0
1011,170,100,8,8,39.767504,90.642493,92.52551,0.0
1011,171,100,9,9,39.767504,90.642493,92.52551,0.0
1011,172,100,9,9,39.767504,90.642493,92.52551,0.0
1011,173,100,9,9,39.767504,90.642493,92.52551,0.0
1011,174,100,9,9,39.767504,90.642493,92.52551,0.0
1011,175,100,9,9,39.767504,90.642493,92.52551,0.0
1011,176,100,9,9,39.767504,90.642493,92.52551,0.0
1011,177,100,10,10,39.767504,90.642493,92.52551,0.0
1011,178,100,10,10,39.767504,90.642493,92.52551,0.0
1011,179,100,10,10,39.767504,90.642493,92.52551,0.0
1011,180,100,10,10,39.767504,90.642493,92.52551,0.0
1011,181,100,10,10,39.767504,90.642493,92.52551,0.0
1011,182,100,10,10,39.767504,90.642493,92.52551,0.0
1011,183,100,10,10,39.767504,90.642493,92.52551,0.0
1011,184,100,10,10,39.767504,90.642493,92.52551,0.0
1011,185,100,10,10,39.767504,90.642493,92.52551,0.0
1011,186,100,10,10,39.767504,90.642493,92.52551,0.0
1011,187,100,10,10,39.767504,90.642493,92.52551,0.0
1011,188,100,11,11,39.767504,90.642493,92.52551,0.0
1011,189,100,12,12,39.767504,90.642493,92.52551,0.0
1011,190,100,12,12,39.767504,90.642493,92.52551,0.0
1011,191,100,12,12,39.767504,90.642493,92.52551,0.0
1011,192,100,14,14,39.767504,90.642493,92.52551,0.0
1011,193,100,14,14,39.767504,90.642493,92.52551,0.0
1011,194,100,14,14,39.767504,90.642493,92.52551,0.0
1011,195,100,14,14,39.767504,90.642493,92.52551,0.0
1011,196,100,14,14,39.767504,90.642493,92.52551,0.0
1011,197,100,11,11,39.767504,90.95483,92.52551,0.0
1011,198,100,11,11,39.767504,90.95483,92.52551,0.0
1011,199,100,11,11,39.767504,90.95483,92.52551,0.0
1011,200,100,11,11,39.767504,90.95483,92.52551,0.0
1011,201,100,11,11,39.767504,90.95483,92.52551,0.0
1011,202,100,11,11,39.767504,90.95483,92.52551,0.0
1011,203,100,11,11,39.767504,90.95483,92.52551,0.0
1011,204,100,11,11,39.767504,90.95483,92.52551,0.0
1011,205,100,11,11,39.767504,90.95483,92.52551,0.0
1011,206,100,11,11,39.767504,90.95483,92.52551,0.0
1011,207,100,11,11,39.767504,90.95483,92.52551,0.0
1011,208,100,11,11,39.767504,90.95483,92.52551,0.0
1011,209,100,11,11,39.767504,90.95483,92.52551,0.0
1011,210,100,11,11,39.767504,90.95483,92.52551,0.0
1011,211,100,11,11,39.767504,90.95483,92.52551,0.0
1011,212,100,11,11,39.767504,90.95483,92.52551,0.0
1011,213,100,11,11,39.767504,90.95483,92.52551,0.0
1011,214,100,11,11,39.767504,90.95483,92.52551,0.0
1011,215,100,11,11,39.767504,90.95483,92.52551,0.0
1011,216,100,11,11,39.767504,90.95483,92.52551,0.0
1011,217,100,12,12,39.767504,90.95483,92.52551,0.0
1011,218,100,12,12,39.767504,90.95483,92.52551,0.0
1011,219,100,10,10,39.188872,90.95483,92.52551,0.0
1011,220,100,10,10,39.188872,90.95483,92.52551,0.0
1011,221,100,10,10,39.188872,90.95483,92.52551,0.0
1011,222,100,10,10,39.188872,90.95483,92.52551,0.0
1011,223,100,10,10,39.188872,90.95483,92.52551,0.0
1011,224,100,10,10,39.188872,90.95483,92.52551,0.0
1011,225,100,10,10,39.188872,90.95483,92.52551,0.0
1011,226,100,10,10,39.188872,90.95483,92.52551,0.0
1011,227,100,10,10,39.188872,90.95483,92.52551,0.0
1011,228,100,10,10,39.188872,90.95483,92.52551,0.0
1011,229,100,10,10,39.188872,90.95483,92.52551,0.0
1011,230,100,10,10,39.188872,90.95483,92.52551,0.0
1011,231,100,9,9,39.188872,90.95483,92.52551,0.0
1011,232,100,9,9,39.188872,90.95483,92.52551,0.0
1011,233,100,9,9,39.188872,90.95483,92.52551,0.0
1011,234,100,9,9,39.188872,90.95483,92.52551,0.0
1011,235,100,9,9,39.188872,90.95483,92.52551,0.0
1011,236,100,9,9,39.188872,90.95483,92.52551,0.0
1011,237,100,9,9,39.188872,90.95483,92.52551,0.0
1011,238,100,9,9,39.188872,90.95483,92.52551,0.0
1011,239,100,9,9,39.188872,90.95483,92.52551,0.0
1011,240,100,10,10,39.188872,90.95483,92.52551,0.0
1011,241,100,10,10,39.188872,90.95483,92.52551,0.0
1011,242,100,11,11,39.188872,90.95483,92.52551,0.0
1011,243,100,11,11,39.188872,90.95483,92.52551,0.0
1011,244,100,11,11,39.188872,90.95483,92.52551,0.0
1011,245,100,12,12,39.188872,91.367683,92.52551,0.0
1011,246,100,12,12,39.188872,91.367683,92.52551,0.0
1011,247,100,12,12,39.188872,91.367683,92.52551,0.0
1011,248,100,12,12,39.188872,91.367683,92.52551,0.0
1011,249,100,12,12,39.188872,91.367683,92.52551,0.0
1011,250,100,12,12,39.188872,91.367683,92.52551,0.0
1011,251,100,12,12,39.188872,91.367683,92.52551,0.0
1011,252,100,12,12,39.188872,91.367683,92.52551,0.0
1011,253,100,12,12,39.188872,91.367683,92.52551,0.0
1011,254,100,12,12,39.188872,91.367683,92.52551,0.0
1011,255,100,12,12,39.188872,91.367683,92.52551,0.0
1011,256,100,14,14,39.188872,91.367683,92.52551,0.0
1011,257,100,15,15,39.188872,91.367683,92.52551,0.0
1011,258,100,15,15,39.188872,91.367683,92.52551,0.0
1011,259,100,15,15,39.188872,91.367683,92.52551,0.0
1011,260,100,15,15,39.188872,91.367683,92.52551,0.0
1011,261,100,15,15,39.188872,91.367683,92.52551,0.0
1011,262,100,15,15,39.188872,91.367683,92.52551,0.0
1011,263,100,15,15,39.188872,91.367683,92.52551,0.0
1011,264,100,16,16,39.188872,91.367683,92.52551,0.0
1011,265,100,11,11,39.188872,91.367683,92.52551,0.0
1011,266,100,11,11,39.188872,91.367683,92.52551,0.0
1011,267,100,11,11,39.188872,91.367683,92.52551,0.0
1011,268,100,11,11,39.188872,91.367683,92.52551,0.0
1011,269,100,11,11,39.188872,91.367683,92.52551,0.0
1011,270,100,11,11,39.188872,91.367683,92.52551,0.0
1011,271,100,11,11,39.188872,91.367683,92.52551,0.0
1011,272,100,11,11,39.188872,91.367683,92.52551,0.0
1011,273,100,11,11,39.188872,91.367683,92.52551,0.0
1011,274,100,11,11,39.188872,91.367683,92.52551,0.0
1011,275,100,11,11,39.188872,91.367683,92.52551,0.0
1011,276,100,11,11,39.188872,91.367683,92.52551,0.0
1011,277,100,11,11,39.188872,91.367683,92.52551,0.0
1011,278,100,11,11,39.188872,91.367683,92.52551,0.0
1011,279,100,11,11,39.188872,91.367683,92.52551,0.0
1011,280,100,11,11,39.188872,91.367683,92.52551,0.0
1011,281,100,11,11,39.188872,91.367683,92.52551,0.0
1011,282,100,11,11,39.188872,91.367683,92.52551,0.0
1011,283,100,11,11,39.188872,91.367683,92.52551,0.0
1011,284,100,11,11,39.188872,91.367683,92.52551,0.0
1011,285,100,11,11,39.188872,91.367683,92.52551,0.0
1011,286,100,8,8,39.188872,91.367683,92.52551,0.0
1011,287,100,8,8,39.188872,91.914725,92.52551,0.0
1011,288,100,8,8,39.188872,91.914725,92.52551,0.0
1011,289,100,8,8,39.188872,91.914725,92.52551,0.0
1011,290,100,9,9,38.93401,91.914725,92.52551,0.0
1011,291,100,9,9,38.93401,91.914725,92.52551,0.0
1011,292,100,9,9,38.93401,91.914725,92.52551,0.0
1011,293,100,9,9,38.93401,91.914725,92.52551,0.0
1011,294,100,9,9,38.93401,91.914725,92.52551,0.0
1011,295,100,9,9,38.93401,91.914725,92.52551,0.0
1011,296,100,9,9,38.93401,91.914725,92.52551,0.0
1011,297,100,9,9,38.93401,91.914725,92.52551,0.0
1011,298,100,9,9,38.93401,91.914725,92.52551,0.0
1011,299,100,10,10,38.93401,91.914725,92.52551,0.0
1011,300,100,10,10,38.93401,91.914725,92.52551,0.0
