municipality_code,municipality,latitude,longitude,area_km2,population_2022,density_2022,estimated_population_2022,enrollments_total,hospitals,beds,schools_total,gdp_per_capita_brl,install_cost_brl,demand_weight,immediate_region_code,immediate_region,intermediate_region_code,intermediate_region
5200050,Abadia de Goiás,-16.785571532362727,-49.45209790788097,143.36,19128.0,133.43,19141.0,3921.0,0.0,0.0,9.0,21177.21,1601748.42,0.0027106941902460074,520001,Goiânia,5201,Goiânia
5200100,Abadiânia,-16.186546076876066,-48.71349393628411,1044.56,17232.0,16.5,15498.0,3561.0,0.0,9.0,12.0,35121.44,1820332.65,0.0024420055565829778,520002,Anápolis,5201,Goiânia
5200134,Acreúna,-17.45232812822999,-50.32603315351892,1566.74,21568.0,13.77,20506.0,4442.0,3.0,72.0,15.0,71042.77,1977290.43,0.0030564749213313406,520015,Palmeiras de Goiás,5204,São Luís de Montes Belos - Iporá
5200159,Adelândia,-16.369115111021383,-50.18463547546117,115.39,2297.0,19.91,2393.0,403.0,0.0,0.0,3.0,22425.41,1125066.12,0.00032551571282910284,520003,Inhumas - Itaberaí - Anicuns,5201,Goiânia
5200308,Alexânia,-16.089161807112404,-48.48185700472964,846.88,27008.0,31.89,28690.0,6151.0,1.0,34.0,26.0,52070.58,1936337.7,0.0038273958955543793,520002,Anápolis,5201,Goiânia
5200506,Aloândia,-17.69382134150893,-49.46545316690718,102.09,1973.0,19.33,1891.0,329.0,1.0,14.0,2.0,41618.72,1140637.4,0.0002796005665702307,520007,Itumbiara,5202,Itumbiara
5200555,Alto Horizonte,-14.171078989483771,-49.42888296908242,500.34,6072.0,12.14,6061.0,1632.0,1.0,24.0,5.0,121647.91,1643406.48,0.000860483852110715,520017,Uruaçu - Niquelândia,5205,Porangatu - Uruaçu
5200605,Alto Paraíso de Goiás,-14.183031950623663,-47.535133153020205,2595.0,10306.0,3.97,10414.0,2461.0,1.0,12.0,13.0,38679.18,1805977.76,0.001460498448592396,520022,Flores de Goiás,5206,Luziânia - Águas Lindas de Goiás
5200803,Alvorada do Norte,-14.567164949084543,-46.63253598131732,1268.35,8446.0,6.66,8412.0,2016.0,1.0,32.0,11.0,24885.28,1650218.03,0.001196911497847019,520021,Posse-Campos Belos,5206,Luziânia - Águas Lindas de Goiás
5200829,Amaralina,-13.842360838678731,-49.61542455588412,1343.74,3268.0,2.43,3796.0,578.0,0.0,0.0,6.0,29082.72,1464341.75,0.00046311943819134005,520017,Uruaçu - Niquelândia,5205,Porangatu - Uruaçu
5200852,Americano do Brasil,-16.261010811689257,-50.00008389568019,133.83,5259.0,39.29,4937.0,908.0,1.0,17.0,4.0,19797.04,1307438.49,0.000745270846220397,520003,Inhumas - Itaberaí - Anicuns,5201,Goiânia
5200902,Amorinópolis,-16.625914297694877,-51.10862984081702,406.93,3007.0,7.39,2982.0,502.0,1.0,13.0,4.0,43624.08,1370244.61,0.0004261322370383597,520014,Iporá,5204,São Luís de Montes Belos - Iporá
5201207,Anhanguera,-18.312361981235046,-48.2253793505133,55.57,924.0,16.63,927.0,195.0,0.0,0.0,3.0,24851.13,867050.04,0.00013094319488641314,520004,Catalão,5201,Goiânia
5201306,Anicuns,-16.397063199888496,-49.96785753682238,976.04,18503.0,18.96,19762.0,3384.0,1.0,20.0,15.0,36895.71,1834073.62,0.0026221233062589857,520003,Inhumas - Itaberaí - Anicuns,5201,Goiânia
5201108,Anápolis,-16.290579769200747,-48.97288603790168,935.67,398869.0,426.29,393417.0,85171.0,18.0,1074.0,231.0,49294.23,2526867.23,0.05652508788003109,520002,Anápolis,5201,Goiânia
5201405,Aparecida de Goiânia,-16.809987396078782,-49.26248205845925,279.95,527796.0,1885.3,500760.0,106742.0,13.0,1250.0,225.0,38337.28,2446591.34,0.07479577325570272,520001,Goiânia,5201,Goiânia
5201454,Aparecida do Rio Doce,-18.21610725317815,-51.2629393323326,603.25,2907.0,4.82,2918.0,770.0,0.0,0.0,3.0,45883.48,1405892.14,0.0004119608956004362,520010,Rio Verde,5203,Rio Verde
5201504,Aporé,-18.76838396263799,-52.04519058545388,2899.24,4325.0,1.49,4067.0,1120.0,1.0,18.0,4.0,141268.5,1754262.72,0.0006129105171901914,520011,Jataí-Mineiros,5203,Rio Verde
5201702,Aragarças,-15.969411911451642,-52.146095344244685,661.68,18390.0,27.79,18096.0,3455.0,1.0,33.0,15.0,17499.5,1722231.23,0.002606109690434132,520014,Iporá,5204,São Luís de Montes Belos - Iporá
5201801,Aragoiânia,-16.951470081458698,-49.41874407462652,218.13,11890.0,54.51,11614.0,2276.0,1.0,7.0,8.0,18544.26,1525707.08,0.0016849724969691044,520001,Goiânia,5201,Goiânia
5202155,Araguapaz,-15.13941591906814,-50.43954306652638,2188.1,7153.0,3.27,6986.0,1412.0,1.0,10.0,8.0,31603.78,1690211.54,0.0010136760530546681,520005,Goiás - Itapuranga,5201,Goiânia
5201603,Araçu,-16.365949046992675,-49.70082486045183,149.78,3799.0,25.36,3859.0,605.0,1.0,17.0,2.0,20717.03,1251921.23,0.0005383692612267138,520003,Inhumas - Itaberaí - Anicuns,5201,Goiânia
5202353,Arenópolis,-16.353192131759567,-51.5852268978634,1075.54,2946.0,2.74,2964.0,645.0,1.0,14.0,5.0,82441.63,1522018.46,0.00041748771876122634,520014,Iporá,5204,São Luís de Montes Belos - Iporá
5202502,Aruanã,-14.805968958023666,-50.93765266658284,3054.77,8300.0,2.72,8139.0,1817.0,1.0,15.0,6.0,43438.87,1785992.43,0.0011762213393476505,520005,Goiás - Itapuranga,5201,Goiânia
5202601,Aurilândia,-16.695269709360243,-50.52530025899115,565.51,3284.0,5.81,3390.0,431.0,0.0,0.0,2.0,26111.21,1371099.33,0.0004653868528214078,520013,São Luís de Montes Belos,5204,São Luís de Montes Belos - Iporá
5202809,Avelinópolis,-16.49286921955709,-49.766783926794666,170.23,2868.0,16.85,2470.0,560.0,1.0,12.0,2.0,35060.73,1254464.8,0.00040643407243964603,520003,Inhumas - Itaberaí - Anicuns,5201,Goiânia
5203104,Baliza,-16.359910773968398,-52.43847823651718,1780.17,3351.0,1.88,3342.0,586.0,0.0,6.0,5.0,41895.27,1532707.0,0.00047488165158481656,520014,Iporá,5204,São Luís de Montes Belos - Iporá
5203203,Barro Alto,-14.907893327175003,-48.87958225518793,1080.27,10371.0,9.6,11252.0,2719.0,1.0,22.0,15.0,205144.24,1885497.34,0.0014697098205270463,520018,Ceres - Rialma - Goianésia,5205,Porangatu - Uruaçu
5203302,Bela Vista de Goiás,-16.957701511174797,-48.91152400125078,1274.03,34445.0,27.04,33912.0,6239.0,1.0,52.0,24.0,52394.67,2029438.58,0.0048813185582927505,520001,Goiânia,5201,Goiânia
5203401,Bom Jardim de Goiás,-16.168609468157566,-52.073394297239744,1901.14,7826.0,4.12,7676.0,1374.0,1.0,23.0,4.0,48232.28,1737478.63,0.0011090491809318931,520014,Iporá,5204,São Luís de Montes Belos - Iporá
5203500,Bom Jesus de Goiás,-18.189204708647235,-49.87850481216088,1405.61,23958.0,17.04,22320.0,5188.0,1.0,22.0,17.0,75907.35,1996132.76,0.0033951699816977127,520007,Itumbiara,5202,Itumbiara
5203559,Bonfinópolis,-16.601725691292632,-49.00972712512232,121.92,10296.0,84.45,10300.0,1937.0,0.0,2.0,7.0,13154.27,1404788.45,0.0014590813144486038,520001,Goiânia,5201,Goiânia
5203575,Bonópolis,-13.571308319891395,-49.86245130152549,1635.32,3299.0,2.02,3171.0,715.0,0.0,0.0,5.0,100976.98,1607043.62,0.0004675125540370963,520016,Porangatu,5205,Porangatu - Uruaçu
5203609,Brazabrantes,-16.38613323005067,-49.37739852970615,125.33,3992.0,31.85,3981.0,704.0,0.0,0.0,5.0,25367.24,1265349.13,0.0005657199502019062,520001,Goiânia,5201,Goiânia
5203807,Britânia,-15.23720509679376,-51.20825804381527,1458.46,5695.0,3.9,6008.0,1570.0,1.0,24.0,6.0,41561.92,1628064.03,0.0008070578948897434,520005,Goiás - Itapuranga,5201,Goiânia
5203906,Buriti Alegre,-18.12566625634813,-49.00773472560673,901.93,10495.0,11.64,10892.0,1912.0,1.0,32.0,10.0,49868.44,1732417.75,0.0014872822839100716,520007,Itumbiara,5202,Itumbiara
5203939,Buriti de Goiás,-16.169531424076343,-50.45339164054577,202.58,2732.0,13.49,2720.0,511.0,1.0,14.0,3.0,23351.1,1220947.5,0.00038716104808407005,520013,São Luís de Montes Belos,5204,São Luís de Montes Belos - Iporá
5203962,Buritinópolis,-14.406742892641637,-46.29676042788622,246.08,3145.0,12.78,3110.0,714.0,0.0,0.0,4.0,28185.85,1288742.85,0.00044568868822269413,520021,Posse-Campos Belos,5206,Luziânia - Águas Lindas de Goiás
5204003,Cabeceiras,-15.76053271807931,-46.99274033229746,1126.43,7560.0,6.71,7342.0,1665.0,1.0,12.0,10.0,79403.3,1727974.55,0.0010713534127070167,520020,Águas Lindas de Goiás,5206,Luziânia - Águas Lindas de Goiás
5204102,Cachoeira Alta,-18.54219552697038,-50.98216938474718,1657.23,11513.0,6.95,12488.0,2301.0,1.0,44.0,8.0,26967.33,1751410.25,0.0016315465397481327,520010,Rio Verde,5203,Rio Verde
5204250,Cachoeira Dourada,-18.49024107275353,-49.622945706859646,528.28,7782.0,14.73,7566.0,1525.0,1.0,18.0,5.0,130542.16,1709574.02,0.0011028137906992069,520007,Itumbiara,5202,Itumbiara
5204201,Cachoeira de Goiás,-16.719484784575428,-50.6988399019017,424.49,1405.0,3.31,1384.0,222.0,0.0,0.0,2.0,29501.45,1170516.8,0.0001991073472028252,520013,São Luís de Montes Belos,5204,São Luís de Montes Belos - Iporá
5204409,Caiapônia,-17.00710070923469,-51.81475952023657,8627.96,16513.0,1.91,17108.0,2869.0,1.0,46.0,15.0,59991.93,2067902.54,0.0023401136116443077,520011,Jataí-Mineiros,5203,Rio Verde
5204508,Caldas Novas,-17.709551255934144,-48.646328172399194,1608.52,98622.0,61.31,93483.0,21106.0,5.0,157.0,60.0,36448.82,2245588.88,0.013976060352908916,520008,Caldas Novas-Morrinhos,5202,Itumbiara
5204557,Caldazinha,-16.74239049576746,-48.97184611619588,251.72,4507.0,17.9,4450.0,825.0,0.0,0.0,3.0,20971.01,1340361.38,0.0006387023586072122,520001,Goiânia,5201,Goiânia
5204607,Campestre de Goiás,-16.787968264988624,-49.699624947550056,272.73,3755.0,13.77,3735.0,813.0,0.0,0.0,5.0,20921.29,1308132.98,0.0005321338709940275,520015,Palmeiras de Goiás,5204,São Luís de Montes Belos - Iporá
5204656,Campinaçu,-13.88449429690347,-48.56822565896593,1978.39,3708.0,1.87,3707.0,772.0,1.0,29.0,4.0,33040.19,1541766.45,0.0005254733405182034,520016,Porangatu,5205,Porangatu - Uruaçu
5204706,Campinorte,-14.045215388489801,-48.97453734146631,1064.54,12510.0,11.75,13016.0,2341.0,1.0,12.0,10.0,30926.78,1740017.85,0.00177283481388423,520017,Uruaçu - Niquelândia,5205,Porangatu - Uruaçu
5204805,Campo Alegre de Goiás,-17.55100538859366,-47.768228541205474,2450.11,7422.0,3.03,7424.0,1489.0,1.0,18.0,7.0,121037.85,1840416.32,0.0010517969615226822,520004,Catalão,5201,Goiânia
5204854,Campo Limpo de Goiás,-16.286653487814835,-49.10264214442891,156.11,8081.0,51.76,8081.0,1731.0,0.0,0.0,4.0,23516.89,1432600.53,0.001145186101598598,520002,Anápolis,5201,Goiânia
5204904,Campos Belos,-12.999942701012026,-46.510750655451886,735.13,18108.0,24.63,18357.0,4734.0,2.0,43.0,18.0,19910.39,1741664.71,0.0025661465075791875,520021,Posse-Campos Belos,5206,Luziânia - Águas Lindas de Goiás
5204953,Campos Verdes,-14.199788878779664,-49.65971492458114,443.13,4005.0,9.04,4446.0,849.0,0.0,0.0,3.0,16020.69,1342987.42,0.0005675622245888362,520018,Ceres - Rialma - Goianésia,5205,Porangatu - Uruaçu
5205000,Carmo do Rio Verde,-15.424981891156198,-49.742741927321894,419.82,9710.0,23.13,9484.0,1543.0,1.0,17.0,8.0,69261.7,1673607.45,0.0013760372536223721,520018,Ceres - Rialma - Goianésia,5205,Porangatu - Uruaçu
5205059,Castelândia,-18.156333926802738,-50.340034097341814,299.23,2985.0,9.98,2978.0,672.0,1.0,15.0,3.0,37522.83,1324217.75,0.0004230145419220165,520010,Rio Verde,5203,Rio Verde
5205109,Catalão,-17.930888751722136,-47.6648644779432,3826.37,114427.0,29.9,110612.0,22990.0,3.0,268.0,70.0,100706.41,2461205.73,0.016215840867172725,520004,Catalão,5201,Goiânia
5205208,Caturaí,-16.45476466244878,-49.583604938413,205.07,5184.0,25.28,5259.0,903.0,1.0,18.0,2.0,20756.8,1350046.34,0.0007346423401419543,520001,Goiânia,5201,Goiânia
5205307,Cavalcante,-13.635260186959815,-47.696624876271215,6948.78,9583.0,1.38,10991.0,2482.0,1.0,16.0,23.0,33493.95,1871508.3,0.001358039649996209,520022,Flores de Goiás,5206,Luziânia - Águas Lindas de Goiás
5204300,Caçu,-18.700679433260063,-51.1311771786244,2254.34,13774.0,6.11,15049.0,2613.0,2.0,36.0,13.0,66300.09,1908151.02,0.0019519605696595832,520010,Rio Verde,5203,Rio Verde
5205406,Ceres,-15.276343673299891,-49.63666052498781,213.07,22046.0,103.47,21633.0,5793.0,10.0,312.0,23.0,39111.73,1730787.25,0.003124213933404615,520018,Ceres - Rialma - Goianésia,5205,Porangatu - Uruaçu
5205455,Cezarina,-17.085948417928545,-49.756259234271525,417.08,8090.0,19.4,7722.0,1582.0,1.0,15.0,6.0,68525.12,1632192.33,0.0011464615223280112,520015,Palmeiras de Goiás,5204,São Luís de Montes Belos - Iporá
5205471,Chapadão do Céu,-18.465214837276985,-52.63307806474849,2184.08,12870.0,5.89,13250.0,3534.0,1.0,24.0,9.0,237289.28,2014899.32,0.0018238516430607546,520011,Jataí-Mineiros,5203,Rio Verde
5205497,Cidade Ocidental,-16.123985962289225,-47.819074272404755,389.98,91767.0,235.31,84581.0,19949.0,2.0,61.0,43.0,14272.41,2001161.8,0.01300461489733926,520019,Luziânia,5206,Luziânia - Águas Lindas de Goiás
5205513,Cocalzinho de Goiás,-15.655766005666568,-48.60236041212567,1785.34,25016.0,14.01,24018.0,4791.0,1.0,22.0,10.0,20840.58,1902396.73,0.0035451027741109434,520020,Águas Lindas de Goiás,5206,Luziânia - Águas Lindas de Goiás
5205521,Colinas do Sul,-13.984912826978901,-48.07535958071137,1707.52,4030.0,2.36,3967.0,1005.0,1.0,12.0,5.0,21967.99,1505751.88,0.0005711050599483171,520017,Uruaçu - Niquelândia,5205,Porangatu - Uruaçu
5205901,Corumbaíba,-18.169596745273044,-48.53302554864026,1864.28,9164.0,4.92,8739.0,1796.0,1.0,27.0,9.0,98949.08,1840157.8,0.0012986617293713097,520008,Caldas Novas-Morrinhos,5202,Itumbiara
5205802,Corumbá de Goiás,-15.930425834896218,-48.678132991067265,1064.83,10562.0,9.92,9801.0,1563.0,1.0,81.0,10.0,28691.87,1695863.87,0.0014967770826734802,520002,Anápolis,5201,Goiânia
5206206,Cristalina,-16.69813507827547,-47.51761779934495,6153.92,62337.0,10.13,58940.0,14889.0,2.0,55.0,47.0,97521.99,2371860.96,0.008833989112158373,520019,Luziânia,5206,Luziânia - Águas Lindas de Goiás
5206305,Cristianópolis,-17.212991516288934,-48.70725282467807,221.62,3504.0,15.81,3682.0,788.0,1.0,8.0,4.0,36601.3,1327696.82,0.0004965638039848395,520009,Piracanjuba,5202,Itumbiara
5206404,Crixás,-14.639976514700818,-50.06519607518978,4673.04,17065.0,3.65,20227.0,3413.0,3.0,86.0,18.0,30343.45,1949042.45,0.0024183394163816456,520018,Ceres - Rialma - Goianésia,5205,Porangatu - Uruaçu
5206503,Cromínia,-17.2405427799484,-49.356932097428015,364.92,3883.0,10.64,3926.0,712.0,1.0,11.0,4.0,33253.95,1388839.53,0.0005502731880345696,520009,Piracanjuba,5202,Itumbiara
5206602,Cumari,-18.320787506079604,-48.1340487560418,568.37,2927.0,5.15,2915.0,491.0,1.0,14.0,3.0,34371.18,1373394.57,0.0004147951638880209,520004,Catalão,5201,Goiânia
5205703,Córrego do Ouro,-16.365334554122036,-50.58207777444112,458.08,2454.0,5.36,2424.0,397.0,1.0,16.0,3.0,31792.9,1306547.72,0.00034776471888664273,520013,São Luís de Montes Belos,5204,São Luís de Montes Belos - Iporá
5206701,Damianópolis,-14.556802579653354,-46.19172014195385,417.63,3770.0,9.03,3790.0,689.0,1.0,13.0,4.0,13710.29,1308878.13,0.0005342595722097161,520021,Posse-Campos Belos,5206,Luziânia - Águas Lindas de Goiás
5206800,Damolândia,-16.25558208654091,-49.333665751497996,86.06,2724.0,31.65,2724.0,480.0,1.0,15.0,2.0,20138.03,1123524.14,0.0003860273407690362,520003,Inhumas - Itaberaí - Anicuns,5201,Goiânia
5206909,Davinópolis,-18.117487062204717,-47.56554987746797,482.86,1902.0,3.94,1798.0,414.0,0.0,0.0,3.0,269591.21,1465067.07,0.000269538914149305,520004,Catalão,5201,Goiânia
5207105,Diorama,-16.223307365819657,-51.350458661775534,685.38,2062.0,3.01,2071.0,368.0,1.0,14.0,4.0,62282.47,1373353.47,0.00029221306044998263,520014,Iporá,5204,São Luís de Montes Belos - Iporá
5208301,Divinópolis de Goiás,-13.264288236504473,-46.51916847869151,828.87,4457.0,5.38,4441.0,1110.0,1.0,24.0,8.0,23812.65,1465573.33,0.0006316166878882505,520021,Posse-Campos Belos,5206,Luziânia - Águas Lindas de Goiás
5207253,Doverlândia,-16.804712258476748,-52.4932544084112,3227.56,6956.0,2.16,6853.0,1211.0,1.0,24.0,7.0,66086.39,1793866.99,0.0009857585104219588,520011,Jataí-Mineiros,5203,Rio Verde
5207352,Edealina,-17.420098427973667,-49.73962106422001,598.22,4001.0,6.69,3900.0,710.0,1.0,10.0,4.0,136496.15,1581136.6,0.0005669953709313193,520009,Piracanjuba,5202,Itumbiara
5207402,Edéia,-17.47706448242223,-49.963826512438786,1469.1,11747.0,8.0,12666.0,2229.0,1.0,26.0,8.0,94529.76,1866681.55,0.0016647074787128737,520015,Palmeiras de Goiás,5204,São Luís de Montes Belos - Iporá
5207501,Estrela do Norte,-13.814164162807941,-49.08621963491364,301.14,3205.0,10.64,3186.0,650.0,1.0,18.0,4.0,26989.64,1308114.83,0.00045419149308544823,520016,Porangatu,5205,Porangatu - Uruaçu
5207535,Faina,-15.435497991110884,-50.37056142317224,1949.69,7070.0,3.63,7054.0,1085.0,1.0,19.0,9.0,26190.1,1658136.75,0.0010019138396611916,520005,Goiás - Itapuranga,5201,Goiânia
5207600,Fazenda Nova,-16.15140608453072,-50.85759008169743,1279.11,5877.0,4.59,5871.0,890.0,1.0,16.0,7.0,31347.13,1594644.45,0.0008328497363067642,520013,São Luís de Montes Belos,5204,São Luís de Montes Belos - Iporá
5207808,Firminópolis,-16.63993169243379,-50.31284655048814,422.34,10419.0,24.67,9904.0,1651.0,1.0,43.0,9.0,32485.66,1615551.06,0.0014765120644172497,520015,Palmeiras de Goiás,5204,São Luís de Montes Belos - Iporá
5207907,Flores de Goiás,-14.651391294978682,-46.90553395731256,3695.11,13744.0,3.72,11627.0,2031.0,1.0,7.0,14.0,22181.3,1848557.93,0.001947709167228206,520022,Flores de Goiás,5206,Luziânia - Águas Lindas de Goiás
5208004,Formosa,-15.307533128719037,-47.24689620622721,5804.29,115901.0,19.97,112542.0,25189.0,5.0,148.0,88.0,34092.53,2398527.5,0.01642472643996772,520020,Águas Lindas de Goiás,5206,Luziânia - Águas Lindas de Goiás
5208103,Formoso,-13.722455659497996,-48.86814317543232,843.42,4660.0,5.53,4658.0,855.0,1.0,25.0,4.0,26143.19,1486076.68,0.0006603845110072352,520016,Porangatu,5205,Porangatu - Uruaçu
5208152,Gameleira de Goiás,-16.403418389791177,-48.67375035292685,588.33,3456.0,5.87,3450.0,789.0,0.0,0.0,4.0,94862.32,1512094.21,0.0004897615600946363,520002,Anápolis,5201,Goiânia
5208509,Goiandira,-18.123110289420573,-48.13890307782801,569.92,4973.0,8.73,5023.0,847.0,1.0,33.0,3.0,37029.46,1496313.65,0.0007047408097079357,520004,Catalão,5201,Goiânia
5208806,Goianira,-16.500280038943483,-49.42859716560256,213.77,71916.0,336.41,69511.0,15268.0,2.0,52.0,26.0,21077.28,1928126.36,0.010191461908497065,520001,Goiânia,5201,Goiânia
5208400,Goianápolis,-16.51500871065426,-49.06602267602138,166.64,13967.0,83.81,14036.0,2993.0,1.0,16.0,11.0,24131.52,1560535.1,0.0019793112586347756,520002,Anápolis,5201,Goiânia
5208608,Goianésia,-15.275096488095993,-49.166448189681596,1547.32,73707.0,47.64,73201.0,16584.0,4.0,210.0,56.0,31973.59,2165630.26,0.010445270633650276,520018,Ceres - Rialma - Goianésia,5205,Porangatu - Uruaçu
5209101,Goiatuba,-17.993652010031173,-49.6587990227005,2479.59,35664.0,14.38,36936.0,6838.0,4.0,142.0,28.0,73967.11,2135199.41,0.005054067210421038,520007,Itumbiara,5202,Itumbiara
5208905,Goiás,-15.847096202587844,-50.242571907419624,3108.42,24071.0,7.74,23485.0,4083.0,1.0,33.0,28.0,32402.9,1990850.86,0.003411183597522566,520005,Goiás - Itapuranga,5201,Goiânia
5208707,Goiânia,-16.64355089351714,-49.27378450391171,729.3,1437366.0,1970.9,1414483.0,266730.0,128.0,6955.0,799.0,46853.77,2776903.48,0.20369404357262352,520001,Goiânia,5201,Goiânia
5209150,Gouvelândia,-18.50918253981937,-50.15576061343749,827.37,4390.0,5.31,5127.0,973.0,0.0,0.0,5.0,55286.33,1544404.94,0.0006221218891248417,520012,Quirinópolis,5203,Rio Verde
5209200,Guapó,-16.911529164256436,-49.571831490660124,514.18,19545.0,38.01,17463.0,3696.0,0.0,0.0,14.0,25698.05,1748638.27,0.0027697886840421485,520001,Goiânia,5201,Goiânia
5209408,Guarani de Goiás,-13.889451408155109,-46.432394073127625,1221.05,4085.0,3.35,4024.0,924.0,0.0,0.0,8.0,22845.68,1480056.43,0.000578899297739175,520021,Posse-Campos Belos,5206,Luziânia - Águas Lindas de Goiás
5209291,Guaraíta,-15.672772333069856,-50.05016960464724,205.53,2188.0,10.65,2169.0,369.0,0.0,10.0,2.0,25374.83,1182136.42,0.0003100689506617662,520005,Goiás - Itapuranga,5201,Goiânia
5209457,Guarinos,-14.699378748488016,-49.73062734601466,593.19,2161.0,3.64,2167.0,420.0,0.0,0.0,4.0,33419.01,1308749.84,0.00030624268847352686,520018,Ceres - Rialma - Goianésia,5205,Porangatu - Uruaçu
5209606,Heitoraí,-15.743641705984471,-49.78393929388425,228.62,3354.0,14.67,3146.0,700.0,1.0,10.0,4.0,27209.79,1292201.48,0.00047530679182795427,520003,Inhumas - Itaberaí - Anicuns,5201,Goiânia
5209804,Hidrolina,-14.739537590720893,-49.36304991383661,583.76,3545.0,6.07,4848.0,626.0,1.0,28.0,3.0,21143.36,1370197.45,0.0005023740539743881,520017,Uruaçu - Niquelândia,5205,Porangatu - Uruaçu
5209705,Hidrolândia,-17.011514716325934,-49.266820843001526,952.12,27742.0,29.14,27530.0,5602.0,1.0,21.0,17.0,53753.18,1956621.88,0.003931413541708738,520001,Goiânia,5201,Goiânia
5209903,Iaciara,-14.090571704748056,-46.75507387162744,1547.18,10584.0,6.84,11462.0,2634.0,1.0,17.0,15.0,20074.94,1697598.87,0.0014998947777898233,520021,Posse-Campos Belos,5206,Luziânia - Águas Lindas de Goiás
5209937,Inaciolândia,-18.509352166233928,-49.91555867929048,689.2,5954.0,8.64,5958.0,1393.0,1.0,16.0,4.0,67832.66,1613042.23,0.0008437616692139653,520012,Quirinópolis,5203,Rio Verde
5209952,Indiara,-17.185196293064227,-49.968150244776886,955.42,17061.0,17.86,16829.0,3143.0,2.0,51.0,11.0,46505.26,1836958.95,0.0024177725627241285,520015,Palmeiras de Goiás,5204,São Luís de Montes Belos - Iporá
5210000,Inhumas,-16.307606851806995,-49.51592092704187,614.89,52204.0,84.9,53315.0,10619.0,5.0,105.0,41.0,32213.82,2001922.78,0.007398007084253585,520003,Inhumas - Itaberaí - Anicuns,5201,Goiânia
5210109,Ipameri,-17.505918223526322,-48.05451019770367,4382.86,25548.0,5.83,24617.0,5649.0,4.0,141.0,28.0,116135.76,2161836.63,0.0036204943105606962,520004,Catalão,5201,Goiânia
5210158,Ipiranga de Goiás,-15.168947335585164,-49.669542001792045,244.21,2919.0,11.95,2907.0,411.0,0.0,0.0,4.0,32863.43,1286777.94,0.000413661456572987,520018,Ceres - Rialma - Goianésia,5205,Porangatu - Uruaçu
5210208,Iporá,-16.416504138184834,-51.18096042692843,1027.25,35684.0,34.74,35284.0,7540.0,4.0,119.0,30.0,31144.37,1965458.98,0.005056901478708622,520014,Iporá,5204,São Luís de Montes Belos - Iporá
5210307,Israelândia,-16.35767023348444,-50.881262898172686,579.19,2560.0,4.42,2543.0,366.0,1.0,8.0,2.0,32503.34,1340600.29,0.00036278634081084166,520014,Iporá,5204,São Luís de Montes Belos - Iporá
5210406,Itaberaí,-16.080897417018416,-49.82285509137964,1461.92,44734.0,30.6,47016.0,9455.0,2.0,69.0,24.0,46038.45,2087029.91,0.006339407878840699,520003,Inhumas - Itaberaí - Anicuns,5201,Goiânia
5210562,Itaguari,-15.937860843370691,-49.624510586915285,142.65,4963.0,34.79,4939.0,898.0,0.0,0.0,4.0,24565.5,1322055.4,0.0007033236755641434,520003,Inhumas - Itaberaí - Anicuns,5201,Goiânia
5210604,Itaguaru,-15.773192278454436,-49.61203457961489,241.03,4904.0,20.35,4906.0,862.0,1.0,10.0,5.0,22479.41,1361336.58,0.0006949625841157685,520003,Inhumas - Itaberaí - Anicuns,5201,Goiânia
5210802,Itajá,-19.10123302333644,-51.31952813612307,2082.74,4380.0,2.1,4468.0,842.0,1.0,18.0,5.0,31188.9,1577366.24,0.0006207047549810494,520010,Rio Verde,5203,Rio Verde
5210901,Itapaci,-14.942355213574565,-49.64712505914197,953.0,21087.0,22.13,21547.0,4346.0,1.0,41.0,11.0,29295.68,1837684.28,0.0029883107690149287,520018,Ceres - Rialma - Goianésia,5205,Porangatu - Uruaçu
5211008,Itapirapuã,-15.702905298412745,-50.77151654253863,2047.87,8007.0,3.91,7987.0,1446.0,1.0,23.0,8.0,34374.98,1716562.24,0.0011346993089345347,520005,Goiás - Itapuranga,5201,Goiânia
5211206,Itapuranga,-15.548024580924428,-49.94968933953847,1281.4,26113.0,20.38,28522.0,4856.0,2.0,91.0,17.0,23495.23,1891336.8,0.003700562389684964,520005,Goiás - Itapuranga,5201,Goiânia
5211305,Itarumã,-18.8442080517081,-51.33070860447316,3437.37,6101.0,1.77,7029.0,1148.0,1.0,17.0,6.0,52060.46,1748106.84,0.0008645935411277128,520010,Rio Verde,5203,Rio Verde
5211404,Itauçu,-16.195299657981895,-49.60801298487926,383.07,7736.0,20.19,8693.0,1412.0,1.0,18.0,6.0,34725.76,1547811.39,0.001096294973637762,520003,Inhumas - Itaberaí - Anicuns,5201,Goiânia
5211503,Itumbiara,-18.35356676787449,-49.417456537422474,2447.01,107970.0,44.12,113838.0,22819.0,4.0,291.0,62.0,57185.94,2349953.87,0.015300797350526005,520007,Itumbiara,5202,Itumbiara
5211602,Ivolândia,-16.676400370904545,-51.03544677456912,1260.84,2693.0,2.14,2664.0,343.0,1.0,16.0,3.0,56772.9,1481415.48,0.0003816342249232799,520013,São Luís de Montes Belos,5204,São Luís de Montes Belos - Iporá
5211701,Jandaia,-17.092266894008297,-50.18216684832384,863.09,6272.0,7.27,6273.0,1046.0,1.0,13.0,6.0,80035.55,1662308.92,0.000888826534986562,520015,Palmeiras de Goiás,5204,São Luís de Montes Belos - Iporá
5211800,Jaraguá,-15.702334064424543,-49.386015184911756,1848.95,45223.0,24.46,43928.0,8808.0,2.0,80.0,34.0,24308.44,2049739.65,0.006408705738472145,520002,Anápolis,5201,Goiânia
5211909,Jataí,-17.90956995310446,-51.73216862096396,7178.79,105729.0,14.73,104656.0,22883.0,4.0,179.0,65.0,100934.44,2505178.36,0.014983217588902139,520011,Jataí-Mineiros,5203,Rio Verde
5212006,Jaupaci,-16.190406535549748,-51.05895113715637,528.78,2924.0,5.53,2934.0,491.0,1.0,10.0,4.0,35790.05,1370139.88,0.0004143700236448832,520014,Iporá,5204,São Luís de Montes Belos - Iporá
5212055,Jesúpolis,-15.962334522901367,-49.410612830566464,115.21,2123.0,18.43,2113.0,464.0,0.0,0.0,3.0,20962.61,1101181.43,0.00030085757872711595,520002,Anápolis,5201,Goiânia
5212105,Joviânia,-17.79519598390767,-49.61887686476364,446.26,7159.0,16.04,7164.0,1358.0,1.0,18.0,7.0,64623.39,1606386.25,0.0010145263335409435,520007,Itumbiara,5202,Itumbiara
5212204,Jussara,-15.582645651400254,-51.330320800792464,4092.34,19620.0,4.79,19582.0,3844.0,2.0,67.0,19.0,42800.38,2000172.15,0.002780417190120591,520005,Goiás - Itapuranga,5201,Goiânia
5212253,Lagoa Santa,-19.182692123697763,-51.28411113498556,463.29,1390.0,3.0,1568.0,363.0,0.0,0.0,3.0,37123.09,1199092.77,0.00019698164598713668,520010,Rio Verde,5203,Rio Verde
5212303,Leopoldo de Bulhões,-16.570408911832544,-48.88816481501466,476.14,8745.0,18.37,8777.0,1653.0,0.0,0.0,12.0,43406.29,1617331.1,0.0012392838087464102,520002,Anápolis,5201,Goiânia
5212501,Luziânia,-16.481810102445685,-47.99164099919526,3962.11,209129.0,52.78,196416.0,50153.0,7.0,203.0,120.0,31968.47,2483754.73,0.02963638463571504,520019,Luziânia,5206,Luziânia - Águas Lindas de Goiás
5212600,Mairipotaba,-17.30015584314311,-49.45725817544135,468.03,2561.0,5.47,2476.0,503.0,1.0,13.0,2.0,38955.57,1337767.47,0.0003629280542252209,520009,Piracanjuba,5202,Itumbiara
5212709,Mambaí,-14.4202061559324,-46.067009188336634,858.27,8124.0,9.47,8144.0,1901.0,1.0,15.0,6.0,15339.02,1556664.4,0.0011512797784169052,520021,Posse-Campos Belos,5206,Luziânia - Águas Lindas de Goiás
5212808,Mara Rosa,-13.99703075707141,-49.39443968262172,1695.46,10700.0,6.31,10705.0,2034.0,2.0,44.0,8.0,32214.85,1755048.76,0.0015163335338578146,520017,Uruaçu - Niquelândia,5205,Porangatu - Uruaçu
5212907,Marzagão,-17.986192659686232,-48.6883956040902,225.52,2758.0,12.23,2764.0,592.0,1.0,24.0,2.0,26564.76,1245955.5,0.0003908455968579302,520008,Caldas Novas-Morrinhos,5202,Itumbiara
5212956,Matrinchã,-15.377604844217641,-50.77442823601322,1150.5,4042.0,3.51,4042.0,822.0,1.0,14.0,4.0,52161.06,1552659.1,0.0005728056209208679,520005,Goiás - Itapuranga,5201,Goiânia
5213004,Maurilândia,-18.036223013883582,-50.363880732862,389.96,10304.0,26.42,9684.0,2274.0,1.0,12.0,8.0,37928.34,1620559.28,0.0014602150217636377,520010,Rio Verde,5203,Rio Verde
5213053,Mimoso de Goiás,-15.017705363330506,-48.30814696643697,1380.7,2614.0,1.89,2572.0,502.0,0.0,0.0,9.0,98094.87,1537166.46,0.00037043886518732034,520020,Águas Lindas de Goiás,5206,Luziânia - Águas Lindas de Goiás
5213087,Minaçu,-13.499129616152471,-48.34852676114791,2854.14,27075.0,9.49,26994.0,6329.0,3.0,104.0,28.0,40919.98,2030991.03,0.003836890694317788,520016,Porangatu,5205,Porangatu - Uruaçu
5213103,Mineiros,-17.63100354114176,-52.766029088178286,9042.84,70081.0,7.75,71108.0,15947.0,6.0,259.0,49.0,62028.98,2390436.57,0.009931417793111168,520011,Jataí-Mineiros,5203,Rio Verde
5213400,Moiporá,-16.50789870023009,-50.77286052015596,452.31,1685.0,3.73,1701.0,247.0,0.0,0.0,4.0,33408.58,1228349.38,0.000238787103229011,520013,São Luís de Montes Belos,5204,São Luís de Montes Belos - Iporá
5213509,Monte Alegre de Goiás,-13.294587470794053,-46.92385871550697,3119.86,6692.0,2.14,6643.0,1603.0,1.0,16.0,18.0,19947.01,1665107.85,0.0009483461690258407,520021,Posse-Campos Belos,5206,Luziânia - Águas Lindas de Goiás
5213707,Montes Claros de Goiás,-15.91447463276023,-51.57991817142929,2900.4,8756.0,3.02,9530.0,1690.0,1.0,24.0,9.0,83023.19,1855907.99,0.0012408426563045819,520014,Iporá,5204,São Luís de Montes Belos - Iporá
5213756,Montividiu,-17.31794802104497,-51.189870900396464,1869.58,12521.0,6.7,12716.0,2726.0,1.0,18.0,10.0,144437.72,1945345.26,0.0017743936614424017,520010,Rio Verde,5203,Rio Verde
5213772,Montividiu do Norte,-13.145252035818181,-48.73156723397891,1337.23,3779.0,2.83,3647.0,728.0,0.0,0.0,7.0,32696.74,1506939.77,0.0005355349929391291,520016,Porangatu,5205,Porangatu - Uruaçu
5213806,Morrinhos,-17.7746952663318,-49.12867424153154,2846.3,51351.0,18.04,49965.0,9257.0,3.0,98.0,38.0,48362.17,2186412.19,0.007277125541788098,520008,Caldas Novas-Morrinhos,5202,Itumbiara
5213855,Morro Agudo de Goiás,-15.311261111745726,-50.01153676068843,282.33,2456.0,8.7,2440.0,536.0,1.0,19.0,4.0,25456.15,1238235.56,0.0003480481457154012,520018,Ceres - Rialma - Goianésia,5205,Porangatu - Uruaçu
5213905,Mossâmedes,-16.16237267139928,-50.15835208816444,684.88,4654.0,6.8,4791.0,793.0,1.0,20.0,6.0,36873.93,1499248.99,0.0006595342305209598,520005,Goiás - Itapuranga,5201,Goiânia
5214002,Mozarlândia,-14.842915059251252,-50.58748666581516,1738.52,14750.0,8.48,15284.0,3167.0,1.0,20.0,9.0,62047.17,1891411.34,0.0020902728620937165,520005,Goiás - Itapuranga,5201,Goiânia
5214051,Mundo Novo,-13.797389306740824,-50.203481776584674,2141.53,6189.0,2.89,6273.0,1134.0,1.0,18.0,6.0,34864.34,1666208.27,0.0008770643215930855,520016,Porangatu,5205,Porangatu - Uruaçu
5214101,Mutunópolis,-13.719023887721397,-49.303430849386544,955.07,3564.0,3.73,3574.0,719.0,1.0,19.0,3.0,25961.39,1439062.94,0.0005050666088475936,520016,Porangatu,5205,Porangatu - Uruaçu
5214408,Nazário,-16.583336943861617,-49.84943240262134,281.15,8189.0,29.13,9247.0,1592.0,1.0,16.0,6.0,36635.02,1535544.67,0.0011604911503515555,520015,Palmeiras de Goiás,5204,São Luís de Montes Belos - Iporá
5214507,Nerópolis,-16.426770137888244,-49.18478440345272,204.71,31932.0,155.98,33898.0,6876.0,2.0,121.0,16.0,37431.8,1803298.28,0.004525192747957732,520001,Goiânia,5201,Goiânia
5214606,Niquelândia,-14.49908922306084,-48.40141671428342,9846.29,34964.0,3.55,35609.0,7413.0,3.0,103.0,31.0,37773.43,2198827.28,0.004954867820355573,520017,Uruaçu - Niquelândia,5205,Porangatu - Uruaçu
5214705,Nova América,-15.045137689830236,-49.93429773921443,209.43,2337.0,11.16,2331.0,554.0,0.0,4.0,4.0,24713.86,1195708.18,0.00033118424940427224,520018,Ceres - Rialma - Goianésia,5205,Porangatu - Uruaçu
5214804,Nova Aurora,-18.100285136230074,-48.29650081248264,307.34,2101.0,6.84,2103.0,376.0,0.0,0.0,3.0,29129.81,1225627.91,0.00029773988361077276,520004,Catalão,5201,Goiânia
5214838,Nova Crixás,-14.133848884429536,-50.56170365703482,7308.68,12815.0,1.75,13325.0,2432.0,1.0,45.0,12.0,62848.93,2001171.18,0.0018160574052698967,520005,Goiás - Itapuranga,5201,Goiânia
5214861,Nova Glória,-15.077722585203977,-49.50731665004611,411.75,8310.0,20.18,8307.0,1332.0,0.0,0.0,13.0,25494.52,1540177.83,0.001177638473491443,520018,Ceres - Rialma - Goianésia,5205,Porangatu - Uruaçu
5214879,Nova Iguaçu de Goiás,-14.312097438937279,-49.28832616989243,625.63,3010.0,4.81,3010.0,611.0,0.0,0.0,3.0,21144.19,1341293.61,0.00042655737728149743,520017,Uruaçu - Niquelândia,5205,Porangatu - Uruaçu
5214903,Nova Roma,-13.80046160426112,-47.010351462883875,2136.73,3076.0,1.44,3076.0,625.0,0.0,0.0,7.0,23098.5,1473573.92,0.0004359104626305269,520021,Posse-Campos Belos,5206,Luziânia - Águas Lindas de Goiás
5215009,Nova Veneza,-16.358538758064633,-49.3064983473842,122.35,9481.0,77.49,9152.0,1780.0,0.0,5.0,7.0,24603.15,1448352.2,0.0013435848817295272,520001,Goiânia,5201,Goiânia
5215207,Novo Brasil,-16.054738283135084,-50.64627092028629,649.35,3527.0,5.43,3605.0,613.0,1.0,10.0,5.0,25379.2,1397234.16,0.0004998232125155619,520005,Goiás - Itapuranga,5201,Goiânia
5215231,Novo Gama,-16.124875337016675,-48.07454224503247,192.29,103804.0,539.84,97976.0,18416.0,0.0,21.0,55.0,12511.97,1946865.62,0.014710419266222111,520019,Luziânia,5206,Luziânia - Águas Lindas de Goiás
5215256,Novo Planalto,-13.250498777262154,-49.72674709319521,1254.49,3716.0,2.96,3698.0,811.0,0.0,0.0,3.0,58950.78,1554690.15,0.0005266070478332373,520016,Porangatu,5205,Porangatu - Uruaçu
5215306,Orizona,-17.007864792172448,-48.194850312475666,1971.27,16399.0,8.32,16127.0,2759.0,1.0,28.0,19.0,66866.0,1933962.38,0.002323958282405075,520006,Pires do Rio,5201,Goiânia
5215405,Ouro Verde de Goiás,-16.254381092554194,-49.219564505492464,208.8,4057.0,19.43,4060.0,779.0,0.0,0.0,3.0,35242.12,1350148.84,0.0005749313221365565,520002,Anápolis,5201,Goiânia
5215504,Ouvidor,-18.218253063077903,-47.74713416224598,411.32,7200.0,17.5,7192.0,1272.0,1.0,31.0,3.0,76158.93,1615795.96,0.001020336583530492,520004,Catalão,5201,Goiânia
5215603,Padre Bernardo,-15.361401784598888,-48.30433575634941,3142.62,34967.0,11.13,34314.0,6166.0,1.0,29.0,26.0,36972.81,2086099.74,0.004955292960598711,520020,Águas Lindas de Goiás,5206,Luziânia - Águas Lindas de Goiás
5215652,Palestina de Goiás,-16.704524835538116,-51.44180868149685,1318.05,3132.0,2.38,3505.0,648.0,1.0,19.0,3.0,55425.39,1516234.78,0.00044384641383576407,520014,Iporá,5204,São Luís de Montes Belos - Iporá
5215702,Palmeiras de Goiás,-16.809009493798953,-49.94482020182256,1537.2,31858.0,20.72,32004.0,6206.0,2.0,64.0,17.0,64317.68,2050658.23,0.004514705955293669,520015,Palmeiras de Goiás,5204,São Luís de Montes Belos - Iporá
5215801,Palmelo,-17.306390573059293,-48.39737311068282,59.81,2259.0,37.77,2293.0,425.0,1.0,9.0,4.0,26627.56,1075305.04,0.0003201306030826919,520006,Pires do Rio,5201,Goiânia
5215900,Palminópolis,-16.820411587609605,-50.194072924037975,393.33,3851.0,9.79,3848.0,723.0,1.0,19.0,4.0,58902.55,1450148.05,0.000545738358774434,520015,Palmeiras de Goiás,5204,São Luís de Montes Belos - Iporá
5216007,Panamá,-18.204592633863232,-49.403847171321935,432.2,2455.0,5.68,2968.0,440.0,0.0,9.0,3.0,54608.15,1353870.06,0.00034790643230102195,520007,Itumbiara,5202,Itumbiara
5216304,Paranaiguara,-18.80856262854313,-50.62410565851861,1153.42,7607.0,6.6,9497.0,1573.0,1.0,27.0,4.0,31996.42,1642803.28,0.0010780139431828407,520012,Quirinópolis,5203,Rio Verde
5216403,Paraúna,-17.04708908522536,-50.63798870660207,3786.58,10659.0,2.81,10383.0,2252.0,1.0,20.0,10.0,217388.81,2018610.01,0.001510523283868266,520015,Palmeiras de Goiás,5204,São Luís de Montes Belos - Iporá
5216452,Perolândia,-17.493997257428777,-52.22523603453854,1033.66,2964.0,2.87,3175.0,779.0,0.0,0.0,4.0,254001.26,1629452.17,0.0004200385602200526,520011,Jataí-Mineiros,5203,Rio Verde
5216809,Petrolina de Goiás,-16.111689802869552,-49.31584445799447,530.49,9573.0,18.05,8854.0,1477.0,1.0,31.0,6.0,22239.33,1582135.7,0.0013566225158524168,520002,Anápolis,5201,Goiânia
5216908,Pilar de Goiás,-14.586923555604148,-49.52171335128705,906.05,2328.0,2.57,2332.0,395.0,0.0,0.0,3.0,64512.01,1430211.07,0.0003299088286748591,520018,Ceres - Rialma - Goianésia,5205,Porangatu - Uruaçu
5217104,Piracanjuba,-17.332394518443266,-48.992764876943,2374.23,24883.0,10.48,23771.0,4160.0,2.0,70.0,24.0,65358.21,2040531.47,0.003526254889998505,520009,Piracanjuba,5202,Itumbiara
5217203,Piranhas,-16.41404435811315,-51.84212790586656,2045.09,11712.0,5.73,11532.0,2060.0,1.0,28.0,11.0,75222.6,1875746.04,0.0016597475092096005,520014,Iporá,5204,São Luís de Montes Belos - Iporá
5217302,Pirenópolis,-15.810100908606115,-49.01108867414948,2200.37,26690.0,12.13,26598.0,5300.0,1.0,38.0,24.0,27202.61,1962776.02,0.0037823310297817824,520002,Anápolis,5201,Goiânia
5217401,Pires do Rio,-17.271662936953188,-48.38886574298074,1077.64,32373.0,30.04,33193.0,6127.0,1.0,35.0,22.0,50174.68,1995490.87,0.004587688363698975,520006,Pires do Rio,5201,Goiânia
5217609,Planaltina,-15.284479022357761,-47.75036740938345,2558.92,105031.0,41.04,108846.0,24842.0,3.0,75.0,63.0,16971.4,2229578.56,0.014884301625665433,520020,Águas Lindas de Goiás,5206,Luziânia - Águas Lindas de Goiás
5217708,Pontalina,-17.531073230921656,-49.537690596421484,1434.29,18309.0,12.77,18843.0,3038.0,2.0,59.0,15.0,43812.77,1885839.56,0.002594630903869414,520009,Piracanjuba,5202,Itumbiara
5218003,Porangatu,-13.29228210786593,-49.23063928512611,4825.29,44317.0,9.18,44061.0,9405.0,2.0,76.0,34.0,47986.18,2204714.62,0.006280313385044558,520016,Porangatu,5205,Porangatu - Uruaçu
5218052,Porteirão,-17.90122892744249,-50.147915728450315,606.26,4070.0,6.71,4085.0,888.0,1.0,16.0,3.0,105848.96,1561303.07,0.0005767735965234865,520010,Rio Verde,5203,Rio Verde
5218102,Portelândia,-17.35130349858231,-52.70483782237713,553.41,3280.0,5.93,3322.0,811.0,1.0,17.0,3.0,126192.05,1522683.34,0.00046481999916389084,520011,Jataí-Mineiros,5203,Rio Verde
5218300,Posse,-14.229943703468342,-46.43561107827688,2076.99,34914.0,16.81,34450.0,8580.0,2.0,69.0,30.0,24625.63,2005941.96,0.004947782149636612,520021,Posse-Campos Belos,5206,Luziânia - Águas Lindas de Goiás
5218391,Professor Jamil,-17.270766141590038,-49.244942116183246,356.29,3649.0,10.24,3325.0,535.0,0.0,0.0,3.0,24046.92,1341322.28,0.0005171122490698286,520009,Piracanjuba,5202,Itumbiara
5218508,Quirinópolis,-18.437455216955595,-50.52924399815447,3786.03,48447.0,12.8,50540.0,10868.0,4.0,126.0,30.0,56387.5,2216378.91,0.006865589786430799,520012,Quirinópolis,5203,Rio Verde
5218607,Rialma,-15.340777623868696,-49.53167162316589,268.29,12165.0,45.34,12054.0,1666.0,1.0,25.0,8.0,31340.05,1601933.02,0.001723943685923394,520018,Ceres - Rialma - Goianésia,5205,Porangatu - Uruaçu
5218706,Rianápolis,-15.472610889025793,-49.441551416641644,157.38,3980.0,25.29,3972.0,833.0,0.0,0.0,4.0,25230.87,1286078.23,0.0005640193892293554,520018,Ceres - Rialma - Goianésia,5205,Porangatu - Uruaçu
5218789,Rio Quente,-17.832092745988334,-48.78196699100844,244.66,3864.0,15.79,3967.0,942.0,1.0,9.0,3.0,112070.58,1467874.4,0.0005475806331613641,520008,Caldas Novas-Morrinhos,5202,Itumbiara
5218805,Rio Verde,-17.739154868186564,-51.038513583969866,8374.26,225696.0,26.95,214607.0,51731.0,10.0,522.0,122.0,100343.24,2684635.67,0.031984150771735824,520010,Rio Verde,5203,Rio Verde
5218904,Rubiataba,-15.18055354012449,-49.87635368896503,750.66,19788.0,26.36,19803.0,3782.0,2.0,80.0,23.0,36175.78,1821352.64,0.0028042250437363024,520018,Ceres - Rialma - Goianésia,5205,Porangatu - Uruaçu
5219001,Sanclerlândia,-16.28512808291143,-50.37529207304971,509.4,7918.0,15.54,8300.0,1505.0,1.0,17.0,5.0,33800.6,1577793.32,0.0011220868150547828,520013,São Luís de Montes Belos,5204,São Luís de Montes Belos - Iporá
5219100,Santa Bárbara de Goiás,-16.596693420707627,-49.67864985032219,140.96,6149.0,43.62,6182.0,1186.0,1.0,15.0,4.0,28861.7,1383303.6,0.0008713957850179161,520015,Palmeiras de Goiás,5204,São Luís de Montes Belos - Iporá
5219209,Santa Cruz de Goiás,-17.359847043143006,-48.593682795334395,1109.01,3002.0,2.71,3107.0,458.0,1.0,16.0,4.0,103159.64,1550990.36,0.0004254236699664635,520006,Pires do Rio,5201,Goiânia
5219258,Santa Fé de Goiás,-15.667400173720393,-51.171529880803554,1164.19,4951.0,4.25,4985.0,963.0,1.0,17.0,4.0,67562.29,1623241.06,0.0007016231145915926,520005,Goiás - Itapuranga,5201,Goiânia
5219308,Santa Helena de Goiás,-17.801832337178787,-50.57912401534418,1142.34,38492.0,33.7,37193.0,7641.0,4.0,176.0,25.0,59573.58,2055607.36,0.005454832746285514,520010,Rio Verde,5203,Rio Verde
5219357,Santa Isabel,-15.251384051481809,-49.388928214952756,812.76,3538.0,4.35,3510.0,580.0,0.0,0.0,5.0,44797.15,1475156.18,0.0005013820600737335,520018,Ceres - Rialma - Goianésia,5205,Porangatu - Uruaçu
5219407,Santa Rita do Araguaia,-17.2445088670107,-53.06901191704603,1357.2,5924.0,4.36,7239.0,1247.0,0.0,0.0,5.0,26424.78,1585425.7,0.0008395102667825882,520011,Jataí-Mineiros,5203,Rio Verde
5219456,Santa Rita do Novo Destino,-14.876683187090219,-49.0551733198756,970.45,2689.0,2.77,2948.0,440.0,0.0,0.0,5.0,63080.73,1466041.43,0.00038106737126576294,520018,Ceres - Rialma - Goianésia,5205,Porangatu - Uruaçu
5219506,Santa Rosa de Goiás,-16.061406388504004,-49.48149307504437,166.44,2820.0,16.94,2810.0,487.0,1.0,16.0,2.0,26067.62,1219661.5,0.00039963182854944277,520002,Anápolis,5201,Goiânia
5219605,Santa Tereza de Goiás,-13.571992451564665,-48.98181927537019,789.54,3293.0,4.17,3322.0,631.0,1.0,17.0,5.0,32868.75,1426476.38,0.0004666622735508209,520016,Porangatu,5205,Porangatu - Uruaçu
5219704,Santa Terezinha de Goiás,-14.322057207381686,-49.672766646750524,1206.6,10645.0,8.82,10370.0,1947.0,1.0,38.0,11.0,20843.39,1678443.88,0.0015085392960669567,520018,Ceres - Rialma - Goianésia,5205,Porangatu - Uruaçu
5219712,Santo Antônio da Barra,-17.525368498191565,-50.63085338604987,450.34,4267.0,9.48,4287.0,941.0,0.0,0.0,4.0,81406.11,1517179.73,0.0006046911391561958,520010,Rio Verde,5203,Rio Verde
5219738,Santo Antônio de Goiás,-16.476722440914017,-49.29307475465219,135.02,7386.0,54.7,7448.0,1549.0,1.0,19.0,4.0,21669.44,1391059.49,0.00104669527860503,520001,Goiânia,5201,Goiânia
5219753,Santo Antônio do Descoberto,-16.08611529431837,-48.28215006788794,943.95,72127.0,76.41,68654.0,15220.0,3.0,112.0,42.0,12926.31,2024568.25,0.010221363438931085,520019,Luziânia,5206,Luziânia - Águas Lindas de Goiás
5220454,Senador Canedo,-16.704550245524032,-49.10728498534591,247.01,155635.0,630.09,153522.0,31689.0,3.0,63.0,67.0,37840.26,2167340.11,0.022055567246912242,520001,Goiânia,5201,Goiânia
5220504,Serranópolis,-18.2247789001239,-52.21203293192059,5521.77,8027.0,1.45,8295.0,1581.0,1.0,21.0,7.0,100409.04,1917940.97,0.0011375335772221195,520011,Jataí-Mineiros,5203,Rio Verde
5220603,Silvânia,-16.60710519319093,-48.55746400518797,2349.92,22245.0,9.47,22230.0,4195.0,1.0,40.0,16.0,69661.99,2021366.39,0.0031524149028660828,520002,Anápolis,5201,Goiânia
5220686,Simolândia,-14.432943986032969,-46.58290545225333,346.81,5742.0,16.56,5715.0,1345.0,1.0,20.0,7.0,40607.35,1488599.14,0.0008137184253655675,520021,Posse-Campos Belos,5206,Luziânia - Águas Lindas de Goiás
5219803,São Domingos,-13.533919271966997,-46.483765542348905,3336.0,9711.0,2.91,9710.0,2057.0,1.0,22.0,13.0,20914.62,1757286.81,0.0013761789670367513,520021,Posse-Campos Belos,5206,Luziânia - Águas Lindas de Goiás
5219902,São Francisco de Goiás,-15.951461813157417,-49.254674495195616,416.54,6378.0,15.31,6379.0,1238.0,1.0,11.0,3.0,22348.64,1470822.94,0.0009038481569107609,520002,Anápolis,5201,Goiânia
5220009,São João d'Aliança,-14.485840699486996,-47.422890368760854,3334.46,14041.0,4.21,11275.0,2770.0,1.0,26.0,12.0,60485.5,1941283.49,0.001989798051298839,520022,Flores de Goiás,5206,Luziânia - Águas Lindas de Goiás
5220058,São João da Paraúna,-16.81876669690458,-50.37293062760747,286.98,1774.0,6.18,1898.0,329.0,0.0,0.0,2.0,83361.96,1284930.61,0.0002513995971087629,520015,Palmeiras de Goiás,5204,São Luís de Montes Belos - Iporá
5220157,São Luiz do Norte,-14.916211222247396,-49.275562463061924,583.83,4837.0,8.28,4947.0,984.0,1.0,24.0,4.0,41974.53,1504858.55,0.0006854677853523598,520017,Uruaçu - Niquelândia,5205,Porangatu - Uruaçu
5220108,São Luís de Montes Belos,-16.45552073919693,-50.37570759137496,829.62,33852.0,40.8,33279.0,6588.0,3.0,101.0,34.0,56712.55,1991864.97,0.004797282503565863,520013,São Luís de Montes Belos,5204,São Luís de Montes Belos - Iporá
5220207,São Miguel do Araguaia,-13.144903436577584,-50.24938975384953,6150.18,21900.0,3.56,22738.0,4685.0,3.0,99.0,20.0,34406.68,2042246.77,0.0031035237749052467,520016,Porangatu,5205,Porangatu - Uruaçu
5220264,São Miguel do Passa Quatro,-16.989561493163023,-48.66770512315175,537.35,4464.0,8.31,4234.0,877.0,1.0,11.0,5.0,85030.94,1548345.4,0.0006326086817889051,520002,Anápolis,5201,Goiânia
5220280,São Patrício,-15.366526629297477,-49.82702799937691,172.76,2143.0,12.4,2138.0,362.0,0.0,0.0,3.0,28216.09,1171241.34,0.00030369184701470065,520018,Ceres - Rialma - Goianésia,5205,Porangatu - Uruaçu
5220405,São Simão,-19.01060544641375,-50.590443063045406,415.02,17020.0,41.01,17619.0,3376.0,1.0,50.0,11.0,83851.92,1813362.71,0.00241196231273458,520012,Quirinópolis,5203,Rio Verde
5220702,Sítio d'Abadia,-14.752807558786857,-46.26945506961181,1611.85,2927.0,1.82,2939.0,568.0,0.0,0.0,6.0,36277.31,1479572.97,0.0004147951638880209,520021,Posse-Campos Belos,5206,Luziânia - Águas Lindas de Goiás
5221007,Taquaral de Goiás,-16.045535088414507,-49.593868707656924,205.67,4026.0,19.58,4038.0,676.0,2.0,46.0,3.0,24157.01,1310119.89,0.0005705382062908002,520003,Inhumas - Itaberaí - Anicuns,5201,Goiânia
5221080,Teresina de Goiás,-13.680463310687067,-47.23763100688822,784.79,2701.0,3.44,2695.0,733.0,0.0,0.0,5.0,15544.34,1309589.25,0.0003827679322383138,520022,Flores de Goiás,5206,Luziânia - Águas Lindas de Goiás
5221197,Terezópolis de Goiás,-16.44233201481737,-49.073074612306804,107.41,7944.0,73.96,7842.0,1413.0,0.0,0.0,7.0,30160.42,1417234.06,0.001125771363828643,520001,Goiânia,5201,Goiânia
5221403,Trindade,-16.64018134540358,-49.54476412107269,712.69,142431.0,199.85,149167.0,30660.0,5.0,542.0,78.0,21640.65,2195866.75,0.020184383323448823,520001,Goiânia,5201,Goiânia
5221452,Trombas,-13.420712080894859,-48.75351897816361,802.91,3120.0,3.89,3123.0,592.0,1.0,15.0,3.0,23273.46,1382624.33,0.00044214585286321323,520016,Porangatu,5205,Porangatu - Uruaçu
5221304,Três Ranchos,-18.34358580470786,-47.78092588118689,284.03,2921.0,10.28,2906.0,497.0,0.0,12.0,3.0,24559.88,1273051.65,0.0004139448834017455,520004,Catalão,5201,Goiânia
5221551,Turvelândia,-17.754567564954236,-50.31279964987257,935.66,4985.0,5.33,4847.0,1184.0,1.0,19.0,5.0,167306.58,1692178.94,0.0007064413706804866,520010,Rio Verde,5203,Rio Verde
5221502,Turvânia,-16.577350712712317,-50.13231443181772,482.32,4480.0,9.29,4462.0,794.0,1.0,17.0,3.0,83245.85,1536601.33,0.0006348760964189729,520015,Palmeiras de Goiás,5204,São Luís de Montes Belos - Iporá
5221577,Uirapuru,-14.149187816648906,-49.966279253861785,1154.31,2798.0,2.42,3874.0,577.0,0.0,0.0,6.0,20145.59,1379955.75,0.0003965141334330996,520018,Ceres - Rialma - Goianésia,5205,Porangatu - Uruaçu
5221700,Uruana,-15.577783107028774,-49.642234910052615,522.9,13729.0,26.26,13681.0,2891.0,1.0,47.0,12.0,25647.61,1673173.14,0.0019455834660125175,520018,Ceres - Rialma - Goianésia,5205,Porangatu - Uruaçu
5221601,Uruaçu,-14.418578294404053,-49.08941041488514,2142.48,42546.0,19.86,43728.0,9123.0,4.0,439.0,35.0,34203.46,2084094.96,0.006029338928178933,520017,Uruaçu - Niquelândia,5205,Porangatu - Uruaçu
5221809,Urutaí,-17.435657435195633,-48.19629089083281,623.82,3553.0,5.7,3119.0,996.0,0.0,0.0,4.0,52931.39,1466777.16,0.0005035077612894221,520006,Pires do Rio,5201,Goiânia
5221858,Valparaíso de Goiás,-16.084663171210725,-47.98851633945562,61.49,198861.0,3234.14,196967.0,40167.0,3.0,73.0,92.0,16643.8,2006864.6,0.028181271296869054,520019,Luziânia,5206,Luziânia - Águas Lindas de Goiás
5221908,Varjão,-17.078070134087934,-49.61119523266964,517.4,3716.0,7.18,3720.0,669.0,0.0,0.0,3.0,31627.15,1408126.14,0.0005266070478332373,520001,Goiânia,5201,Goiânia
5222005,Vianópolis,-16.81281016005052,-48.440772190511254,954.12,14956.0,15.68,14046.0,2844.0,1.0,40.0,12.0,68394.7,1845848.63,0.0021194658254558387,520002,Anápolis,5201,Goiânia
5222054,Vicentinópolis,-17.723636519714578,-49.87269216394853,733.79,8768.0,11.95,8776.0,1811.0,1.0,16.0,5.0,82092.53,1722013.12,0.0012425432172771327,520009,Piracanjuba,5202,Itumbiara
5222203,Vila Boa,-14.993116338511662,-47.062372610131234,1052.59,4215.0,4.0,3686.0,1221.0,1.0,13.0,7.0,52849.43,1554451.52,0.0005973220416084756,520022,Flores de Goiás,5206,Luziânia - Águas Lindas de Goiás
5222302,Vila Propício,-15.269676620073716,-48.81353823294587,2181.59,5815.0,2.67,5646.0,1290.0,0.0,0.0,7.0,81032.94,1736844.61,0.0008240635046152516,520018,Ceres - Rialma - Goianésia,5205,Porangatu - Uruaçu
5200175,Água Fria de Goiás,-14.906503709427078,-47.79514213098068,2023.64,4954.0,2.45,5546.0,1099.0,0.0,5.0,5.0,111149.84,1725560.91,0.0007020482548347303,520022,Flores de Goiás,5206,Luziânia - Águas Lindas de Goiás
5200209,Água Limpa,-18.07984981848489,-48.79110685717995,458.84,1858.0,4.05,1853.0,384.0,0.0,0.0,3.0,35797.09,1257750.73,0.00026330352391661864,520008,Caldas Novas-Morrinhos,5202,Itumbiara
5200258,Águas Lindas de Goiás,-15.755753702244261,-48.28572973321908,191.82,225693.0,1176.61,208892.0,50367.0,1.0,52.0,99.0,13472.69,2122961.97,0.03198372563149269,520020,Águas Lindas de Goiás,5206,Luziânia - Águas Lindas de Goiás
